2026-03-06 18:48:14,781 | WARNING | trading_system.data.yfinance_loader | No data returned for ^NSEI
2026-03-06 18:51:20,334 | INFO | trading_system.backtesting.backtester | Backtest finished for ^NSEI with 73 trades and total profit 91.85
2026-03-06 18:51:45,025 | INFO | trading_system.paper_trading.paper_trader | Starting paper trader for ^NSEI
2026-03-06 18:51:46,333 | INFO | trading_system.paper_trading.paper_trader | Paper trading heartbeat | symbol=^NSEI | new_trades=1 | total_profit=79.85
2026-03-06 18:52:46,708 | INFO | trading_system.paper_trading.paper_trader | Paper trading heartbeat | symbol=^NSEI | new_trades=0 | total_profit=79.85
2026-03-06 18:53:47,221 | INFO | trading_system.paper_trading.paper_trader | Paper trading heartbeat | symbol=^NSEI | new_trades=0 | total_profit=79.85
2026-03-06 18:54:47,734 | INFO | trading_system.paper_trading.paper_trader | Paper trading heartbeat | symbol=^NSEI | new_trades=0 | total_profit=79.85
2026-03-06 18:55:48,162 | INFO | trading_system.paper_trading.paper_trader | Paper trading heartbeat | symbol=^NSEI | new_trades=0 | total_profit=79.85
2026-03-06 18:56:48,575 | INFO | trading_system.paper_trading.paper_trader | Paper trading heartbeat | symbol=^NSEI | new_trades=0 | total_profit=79.85
2026-03-06 18:57:48,990 | INFO | trading_system.paper_trading.paper_trader | Paper trading heartbeat | symbol=^NSEI | new_trades=0 | total_profit=79.85
2026-03-06 18:58:49,408 | INFO | trading_system.paper_trading.paper_trader | Paper trading heartbeat | symbol=^NSEI | new_trades=0 | total_profit=79.85
2026-03-06 18:59:51,565 | INFO | trading_system.paper_trading.paper_trader | Paper trading heartbeat | symbol=^NSEI | new_trades=0 | total_profit=79.85
2026-03-06 19:00:51,980 | INFO | trading_system.paper_trading.paper_trader | Paper trading heartbeat | symbol=^NSEI | new_trades=0 | total_profit=79.85
2026-03-06 19:01:52,394 | INFO | trading_system.paper_trading.paper_trader | Paper trading heartbeat | symbol=^NSEI | new_trades=0 | total_profit=79.85
2026-03-06 19:02:53,422 | INFO | trading_system.paper_trading.paper_trader | Paper trading heartbeat | symbol=^NSEI | new_trades=0 | total_profit=79.85
2026-03-06 19:03:53,737 | INFO | trading_system.paper_trading.paper_trader | Paper trading heartbeat | symbol=^NSEI | new_trades=0 | total_profit=79.85
2026-03-06 19:04:54,193 | INFO | trading_system.paper_trading.paper_trader | Paper trading heartbeat | symbol=^NSEI | new_trades=0 | total_profit=79.85
2026-03-06 19:05:54,673 | INFO | trading_system.paper_trading.paper_trader | Paper trading heartbeat | symbol=^NSEI | new_trades=0 | total_profit=79.85
2026-03-06 19:06:55,096 | INFO | trading_system.paper_trading.paper_trader | Paper trading heartbeat | symbol=^NSEI | new_trades=0 | total_profit=79.85
2026-03-06 19:07:55,510 | INFO | trading_system.paper_trading.paper_trader | Paper trading heartbeat | symbol=^NSEI | new_trades=0 | total_profit=79.85
2026-03-06 19:08:56,022 | INFO | trading_system.paper_trading.paper_trader | Paper trading heartbeat | symbol=^NSEI | new_trades=0 | total_profit=79.85
2026-03-06 19:09:56,658 | INFO | trading_system.paper_trading.paper_trader | Paper trading heartbeat | symbol=^NSEI | new_trades=0 | total_profit=79.85
2026-03-06 19:10:57,059 | INFO | trading_system.paper_trading.paper_trader | Paper trading heartbeat | symbol=^NSEI | new_trades=0 | total_profit=79.85
2026-03-06 19:11:57,577 | INFO | trading_system.paper_trading.paper_trader | Paper trading heartbeat | symbol=^NSEI | new_trades=0 | total_profit=79.85
2026-03-06 19:12:58,105 | INFO | trading_system.paper_trading.paper_trader | Paper trading heartbeat | symbol=^NSEI | new_trades=0 | total_profit=79.85
2026-03-06 19:13:58,652 | INFO | trading_system.paper_trading.paper_trader | Paper trading heartbeat | symbol=^NSEI | new_trades=0 | total_profit=79.85
2026-03-06 19:14:59,154 | INFO | trading_system.paper_trading.paper_trader | Paper trading heartbeat | symbol=^NSEI | new_trades=0 | total_profit=79.85
2026-03-06 19:15:59,577 | INFO | trading_system.paper_trading.paper_trader | Paper trading heartbeat | symbol=^NSEI | new_trades=0 | total_profit=79.85
2026-03-06 19:17:00,144 | INFO | trading_system.paper_trading.paper_trader | Paper trading heartbeat | symbol=^NSEI | new_trades=0 | total_profit=79.85
2026-03-06 19:18:00,725 | INFO | trading_system.paper_trading.paper_trader | Paper trading heartbeat | symbol=^NSEI | new_trades=0 | total_profit=79.85
2026-03-06 19:19:01,102 | INFO | trading_system.paper_trading.paper_trader | Paper trading heartbeat | symbol=^NSEI | new_trades=0 | total_profit=79.85
2026-03-06 19:20:01,441 | INFO | trading_system.paper_trading.paper_trader | Paper trading heartbeat | symbol=^NSEI | new_trades=0 | total_profit=79.85
2026-03-06 19:21:01,960 | INFO | trading_system.paper_trading.paper_trader | Paper trading heartbeat | symbol=^NSEI | new_trades=0 | total_profit=79.85
2026-03-06 19:22:02,351 | INFO | trading_system.paper_trading.paper_trader | Paper trading heartbeat | symbol=^NSEI | new_trades=0 | total_profit=79.85
2026-03-06 19:23:02,783 | INFO | trading_system.paper_trading.paper_trader | Paper trading heartbeat | symbol=^NSEI | new_trades=0 | total_profit=79.85
2026-03-06 19:24:03,705 | INFO | trading_system.paper_trading.paper_trader | Paper trading heartbeat | symbol=^NSEI | new_trades=0 | total_profit=79.85
2026-03-06 19:25:04,116 | INFO | trading_system.paper_trading.paper_trader | Paper trading heartbeat | symbol=^NSEI | new_trades=0 | total_profit=79.85
2026-03-06 19:26:04,640 | INFO | trading_system.paper_trading.paper_trader | Paper trading heartbeat | symbol=^NSEI | new_trades=0 | total_profit=79.85
2026-03-06 19:27:04,954 | INFO | trading_system.paper_trading.paper_trader | Paper trading heartbeat | symbol=^NSEI | new_trades=0 | total_profit=79.85
2026-03-06 19:28:05,271 | INFO | trading_system.paper_trading.paper_trader | Paper trading heartbeat | symbol=^NSEI | new_trades=0 | total_profit=79.85
2026-03-06 19:29:05,891 | INFO | trading_system.paper_trading.paper_trader | Paper trading heartbeat | symbol=^NSEI | new_trades=0 | total_profit=79.85
2026-03-06 19:30:06,301 | INFO | trading_system.paper_trading.paper_trader | Paper trading heartbeat | symbol=^NSEI | new_trades=0 | total_profit=79.85
2026-03-06 19:31:06,916 | INFO | trading_system.paper_trading.paper_trader | Paper trading heartbeat | symbol=^NSEI | new_trades=0 | total_profit=79.85
2026-03-06 19:32:07,439 | INFO | trading_system.paper_trading.paper_trader | Paper trading heartbeat | symbol=^NSEI | new_trades=0 | total_profit=79.85
2026-03-06 19:33:07,970 | INFO | trading_system.paper_trading.paper_trader | Paper trading heartbeat | symbol=^NSEI | new_trades=0 | total_profit=79.85
2026-03-06 19:34:08,607 | INFO | trading_system.paper_trading.paper_trader | Paper trading heartbeat | symbol=^NSEI | new_trades=0 | total_profit=79.85
2026-03-06 19:35:09,100 | INFO | trading_system.paper_trading.paper_trader | Paper trading heartbeat | symbol=^NSEI | new_trades=0 | total_profit=79.85
2026-03-06 19:36:09,681 | INFO | trading_system.paper_trading.paper_trader | Paper trading heartbeat | symbol=^NSEI | new_trades=0 | total_profit=79.85
2026-03-06 19:37:10,041 | INFO | trading_system.paper_trading.paper_trader | Paper trading heartbeat | symbol=^NSEI | new_trades=0 | total_profit=79.85
2026-03-06 19:38:10,561 | INFO | trading_system.paper_trading.paper_trader | Paper trading heartbeat | symbol=^NSEI | new_trades=0 | total_profit=79.85
2026-03-06 19:39:11,063 | INFO | trading_system.paper_trading.paper_trader | Paper trading heartbeat | symbol=^NSEI | new_trades=0 | total_profit=79.85
2026-03-06 19:40:11,630 | INFO | trading_system.paper_trading.paper_trader | Paper trading heartbeat | symbol=^NSEI | new_trades=0 | total_profit=79.85
2026-03-06 19:41:12,115 | INFO | trading_system.paper_trading.paper_trader | Paper trading heartbeat | symbol=^NSEI | new_trades=0 | total_profit=79.85
2026-03-06 19:42:12,742 | INFO | trading_system.paper_trading.paper_trader | Paper trading heartbeat | symbol=^NSEI | new_trades=0 | total_profit=79.85
2026-03-06 19:43:13,248 | INFO | trading_system.paper_trading.paper_trader | Paper trading heartbeat | symbol=^NSEI | new_trades=0 | total_profit=79.85
2026-03-06 19:44:13,659 | INFO | trading_system.paper_trading.paper_trader | Paper trading heartbeat | symbol=^NSEI | new_trades=0 | total_profit=79.85
2026-03-06 19:45:14,176 | INFO | trading_system.paper_trading.paper_trader | Paper trading heartbeat | symbol=^NSEI | new_trades=0 | total_profit=79.85
2026-03-06 19:46:14,584 | INFO | trading_system.paper_trading.paper_trader | Paper trading heartbeat | symbol=^NSEI | new_trades=0 | total_profit=79.85
2026-03-06 19:47:15,004 | INFO | trading_system.paper_trading.paper_trader | Paper trading heartbeat | symbol=^NSEI | new_trades=0 | total_profit=79.85
2026-03-06 19:48:15,349 | INFO | trading_system.paper_trading.paper_trader | Paper trading heartbeat | symbol=^NSEI | new_trades=0 | total_profit=79.85
2026-03-06 19:49:15,877 | INFO | trading_system.paper_trading.paper_trader | Paper trading heartbeat | symbol=^NSEI | new_trades=0 | total_profit=79.85
2026-03-06 19:59:57,270 | INFO | trading_system.paper_trading.paper_trader | Starting paper trader for ^NSEI
2026-03-06 19:59:58,280 | INFO | trading_system.engine.position_manager | Position manager reset for trading day 2026-02-27
2026-03-06 19:59:58,293 | INFO | trading_system.engine.position_manager | Position manager reset for trading day 2026-03-05
2026-03-06 19:59:58,297 | INFO | trading_system.engine.position_manager | Position manager reset for trading day 2026-03-06
2026-03-06 19:59:58,306 | ERROR | trading_system.paper_trading.paper_trader | Paper trader iteration failed for ^NSEI
Traceback (most recent call last):
  File "C:\Users\karan\AppData\Local\Programs\Python\Python313\Lib\site-packages\pandas\core\indexes\base.py", line 3805, in get_loc
    return self._engine.get_loc(casted_key)
           ~~~~~~~~~~~~~~~~~~~~^^^^^^^^^^^^
  File "index.pyx", line 167, in pandas._libs.index.IndexEngine.get_loc
  File "index.pyx", line 196, in pandas._libs.index.IndexEngine.get_loc
  File "pandas\\_libs\\hashtable_class_helper.pxi", line 7081, in pandas._libs.hashtable.PyObjectHashTable.get_item
  File "pandas\\_libs\\hashtable_class_helper.pxi", line 7089, in pandas._libs.hashtable.PyObjectHashTable.get_item
KeyError: 'execution_status'

The above exception was the direct cause of the following exception:

Traceback (most recent call last):
  File "C:\Users\karan\OneDrive\Desktop\New folder\trading_system\paper_trading\paper_trader.py", line 105, in run_forever
    _, new_trades_df, summary = self.run_once()
                                ~~~~~~~~~~~~~^^
  File "C:\Users\karan\OneDrive\Desktop\New folder\trading_system\paper_trading\paper_trader.py", line 75, in run_once
    new_trades_df = self._filter_new_trades(trades_df)
  File "C:\Users\karan\OneDrive\Desktop\New folder\trading_system\paper_trading\paper_trader.py", line 125, in _filter_new_trades
    + existing["execution_status"].astype(str)
      ~~~~~~~~^^^^^^^^^^^^^^^^^^^^
  File "C:\Users\karan\AppData\Local\Programs\Python\Python313\Lib\site-packages\pandas\core\frame.py", line 4102, in __getitem__
    indexer = self.columns.get_loc(key)
  File "C:\Users\karan\AppData\Local\Programs\Python\Python313\Lib\site-packages\pandas\core\indexes\base.py", line 3812, in get_loc
    raise KeyError(key) from err
KeyError: 'execution_status'
2026-03-06 20:00:59,245 | INFO | trading_system.engine.position_manager | Position manager reset for trading day 2026-02-27
2026-03-06 20:00:59,258 | INFO | trading_system.engine.position_manager | Position manager reset for trading day 2026-03-05
2026-03-06 20:00:59,263 | INFO | trading_system.engine.position_manager | Position manager reset for trading day 2026-03-06
2026-03-06 20:00:59,271 | ERROR | trading_system.paper_trading.paper_trader | Paper trader iteration failed for ^NSEI
Traceback (most recent call last):
  File "C:\Users\karan\AppData\Local\Programs\Python\Python313\Lib\site-packages\pandas\core\indexes\base.py", line 3805, in get_loc
    return self._engine.get_loc(casted_key)
           ~~~~~~~~~~~~~~~~~~~~^^^^^^^^^^^^
  File "index.pyx", line 167, in pandas._libs.index.IndexEngine.get_loc
  File "index.pyx", line 196, in pandas._libs.index.IndexEngine.get_loc
  File "pandas\\_libs\\hashtable_class_helper.pxi", line 7081, in pandas._libs.hashtable.PyObjectHashTable.get_item
  File "pandas\\_libs\\hashtable_class_helper.pxi", line 7089, in pandas._libs.hashtable.PyObjectHashTable.get_item
KeyError: 'execution_status'

The above exception was the direct cause of the following exception:

Traceback (most recent call last):
  File "C:\Users\karan\OneDrive\Desktop\New folder\trading_system\paper_trading\paper_trader.py", line 105, in run_forever
    _, new_trades_df, summary = self.run_once()
                                ~~~~~~~~~~~~~^^
  File "C:\Users\karan\OneDrive\Desktop\New folder\trading_system\paper_trading\paper_trader.py", line 75, in run_once
    new_trades_df = self._filter_new_trades(trades_df)
  File "C:\Users\karan\OneDrive\Desktop\New folder\trading_system\paper_trading\paper_trader.py", line 125, in _filter_new_trades
    + existing["execution_status"].astype(str)
      ~~~~~~~~^^^^^^^^^^^^^^^^^^^^
  File "C:\Users\karan\AppData\Local\Programs\Python\Python313\Lib\site-packages\pandas\core\frame.py", line 4102, in __getitem__
    indexer = self.columns.get_loc(key)
  File "C:\Users\karan\AppData\Local\Programs\Python\Python313\Lib\site-packages\pandas\core\indexes\base.py", line 3812, in get_loc
    raise KeyError(key) from err
KeyError: 'execution_status'
2026-03-06 20:01:59,729 | INFO | trading_system.engine.position_manager | Position manager reset for trading day 2026-02-27
2026-03-06 20:01:59,742 | INFO | trading_system.engine.position_manager | Position manager reset for trading day 2026-03-05
2026-03-06 20:01:59,749 | INFO | trading_system.engine.position_manager | Position manager reset for trading day 2026-03-06
2026-03-06 20:01:59,758 | ERROR | trading_system.paper_trading.paper_trader | Paper trader iteration failed for ^NSEI
Traceback (most recent call last):
  File "C:\Users\karan\AppData\Local\Programs\Python\Python313\Lib\site-packages\pandas\core\indexes\base.py", line 3805, in get_loc
    return self._engine.get_loc(casted_key)
           ~~~~~~~~~~~~~~~~~~~~^^^^^^^^^^^^
  File "index.pyx", line 167, in pandas._libs.index.IndexEngine.get_loc
  File "index.pyx", line 196, in pandas._libs.index.IndexEngine.get_loc
  File "pandas\\_libs\\hashtable_class_helper.pxi", line 7081, in pandas._libs.hashtable.PyObjectHashTable.get_item
  File "pandas\\_libs\\hashtable_class_helper.pxi", line 7089, in pandas._libs.hashtable.PyObjectHashTable.get_item
KeyError: 'execution_status'

The above exception was the direct cause of the following exception:

Traceback (most recent call last):
  File "C:\Users\karan\OneDrive\Desktop\New folder\trading_system\paper_trading\paper_trader.py", line 105, in run_forever
    while True:
    
  File "C:\Users\karan\OneDrive\Desktop\New folder\trading_system\paper_trading\paper_trader.py", line 75, in run_once
    )
    
  File "C:\Users\karan\OneDrive\Desktop\New folder\trading_system\paper_trading\paper_trader.py", line 125, in _filter_new_trades
    existing["signal_time"].astype(str)
      ^^^^^^^^^^^^^^^^^^^^^^^^^^^^
  File "C:\Users\karan\AppData\Local\Programs\Python\Python313\Lib\site-packages\pandas\core\frame.py", line 4102, in __getitem__
    indexer = self.columns.get_loc(key)
  File "C:\Users\karan\AppData\Local\Programs\Python\Python313\Lib\site-packages\pandas\core\indexes\base.py", line 3812, in get_loc
    raise KeyError(key) from err
KeyError: 'execution_status'
2026-03-06 20:02:08,039 | INFO | trading_system.paper_trading.paper_trader | Starting paper trader for ^NSEI
2026-03-06 20:02:08,936 | INFO | trading_system.engine.position_manager | Position manager reset for trading day 2026-02-27
2026-03-06 20:02:08,949 | INFO | trading_system.engine.position_manager | Position manager reset for trading day 2026-03-05
2026-03-06 20:02:08,955 | INFO | trading_system.engine.position_manager | Position manager reset for trading day 2026-03-06
2026-03-06 20:02:09,001 | INFO | trading_system.paper_trading.paper_trader | Paper trading heartbeat | symbol=^NSEI | new_trades=0 | total_profit=79.85
2026-03-06 20:03:09,483 | INFO | trading_system.engine.position_manager | Position manager reset for trading day 2026-02-27
2026-03-06 20:03:09,496 | INFO | trading_system.engine.position_manager | Position manager reset for trading day 2026-03-05
2026-03-06 20:03:09,500 | INFO | trading_system.engine.position_manager | Position manager reset for trading day 2026-03-06
2026-03-06 20:03:09,544 | INFO | trading_system.paper_trading.paper_trader | Paper trading heartbeat | symbol=^NSEI | new_trades=0 | total_profit=79.85
2026-03-06 20:04:10,000 | INFO | trading_system.engine.position_manager | Position manager reset for trading day 2026-02-27
2026-03-06 20:04:10,013 | INFO | trading_system.engine.position_manager | Position manager reset for trading day 2026-03-05
2026-03-06 20:04:10,018 | INFO | trading_system.engine.position_manager | Position manager reset for trading day 2026-03-06
2026-03-06 20:04:10,063 | INFO | trading_system.paper_trading.paper_trader | Paper trading heartbeat | symbol=^NSEI | new_trades=0 | total_profit=79.85
2026-03-06 20:05:10,497 | INFO | trading_system.engine.position_manager | Position manager reset for trading day 2026-02-27
2026-03-06 20:05:10,509 | INFO | trading_system.engine.position_manager | Position manager reset for trading day 2026-03-05
2026-03-06 20:05:10,513 | INFO | trading_system.engine.position_manager | Position manager reset for trading day 2026-03-06
2026-03-06 20:05:10,551 | INFO | trading_system.paper_trading.paper_trader | Paper trading heartbeat | symbol=^NSEI | new_trades=0 | total_profit=79.85
2026-03-06 20:06:11,018 | INFO | trading_system.engine.position_manager | Position manager reset for trading day 2026-02-27
2026-03-06 20:06:11,033 | INFO | trading_system.engine.position_manager | Position manager reset for trading day 2026-03-05
2026-03-06 20:06:11,038 | INFO | trading_system.engine.position_manager | Position manager reset for trading day 2026-03-06
2026-03-06 20:06:11,082 | INFO | trading_system.paper_trading.paper_trader | Paper trading heartbeat | symbol=^NSEI | new_trades=0 | total_profit=79.85
2026-03-06 20:07:11,596 | INFO | trading_system.engine.position_manager | Position manager reset for trading day 2026-02-27
2026-03-06 20:07:11,609 | INFO | trading_system.engine.position_manager | Position manager reset for trading day 2026-03-05
2026-03-06 20:07:11,613 | INFO | trading_system.engine.position_manager | Position manager reset for trading day 2026-03-06
2026-03-06 20:07:11,654 | INFO | trading_system.paper_trading.paper_trader | Paper trading heartbeat | symbol=^NSEI | new_trades=0 | total_profit=79.85
2026-03-06 20:08:12,173 | INFO | trading_system.engine.position_manager | Position manager reset for trading day 2026-02-27
2026-03-06 20:08:12,186 | INFO | trading_system.engine.position_manager | Position manager reset for trading day 2026-03-05
2026-03-06 20:08:12,190 | INFO | trading_system.engine.position_manager | Position manager reset for trading day 2026-03-06
2026-03-06 20:08:12,229 | INFO | trading_system.paper_trading.paper_trader | Paper trading heartbeat | symbol=^NSEI | new_trades=0 | total_profit=79.85
2026-03-06 20:09:12,712 | INFO | trading_system.engine.position_manager | Position manager reset for trading day 2026-02-27
2026-03-06 20:09:12,724 | INFO | trading_system.engine.position_manager | Position manager reset for trading day 2026-03-05
2026-03-06 20:09:12,729 | INFO | trading_system.engine.position_manager | Position manager reset for trading day 2026-03-06
2026-03-06 20:09:12,767 | INFO | trading_system.paper_trading.paper_trader | Paper trading heartbeat | symbol=^NSEI | new_trades=0 | total_profit=79.85
2026-03-06 20:09:37,954 | INFO | trading_system.engine.position_manager | Position manager reset for trading day 2026-01-22
2026-03-06 20:09:37,958 | INFO | trading_system.engine.position_manager | Position manager reset for trading day 2026-01-23
2026-03-06 20:09:37,969 | INFO | trading_system.engine.position_manager | Position manager reset for trading day 2026-01-28
2026-03-06 20:09:37,973 | INFO | trading_system.engine.position_manager | Position manager reset for trading day 2026-01-29
2026-03-06 20:09:37,984 | INFO | trading_system.engine.position_manager | Position manager reset for trading day 2026-02-03
2026-03-06 20:09:37,987 | INFO | trading_system.engine.position_manager | Position manager reset for trading day 2026-02-04
2026-03-06 20:09:37,991 | INFO | trading_system.engine.position_manager | Position manager reset for trading day 2026-02-05
2026-03-06 20:09:37,996 | INFO | trading_system.engine.position_manager | Position manager reset for trading day 2026-02-06
2026-03-06 20:09:38,004 | INFO | trading_system.engine.position_manager | Position manager reset for trading day 2026-02-09
2026-03-06 20:09:38,010 | INFO | trading_system.engine.position_manager | Position manager reset for trading day 2026-02-10
2026-03-06 20:09:38,015 | INFO | trading_system.engine.position_manager | Position manager reset for trading day 2026-02-11
2026-03-06 20:09:38,023 | INFO | trading_system.engine.position_manager | Position manager reset for trading day 2026-02-12
2026-03-06 20:09:38,029 | INFO | trading_system.engine.position_manager | Position manager reset for trading day 2026-02-13
2026-03-06 20:09:38,034 | INFO | trading_system.engine.position_manager | Position manager reset for trading day 2026-02-16
2026-03-06 20:09:38,038 | INFO | trading_system.engine.position_manager | Position manager reset for trading day 2026-02-17
2026-03-06 20:09:38,042 | INFO | trading_system.engine.position_manager | Position manager reset for trading day 2026-02-18
2026-03-06 20:09:38,049 | INFO | trading_system.engine.position_manager | Position manager reset for trading day 2026-02-19
2026-03-06 20:09:38,054 | INFO | trading_system.engine.position_manager | Position manager reset for trading day 2026-02-20
2026-03-06 20:09:38,060 | INFO | trading_system.engine.position_manager | Position manager reset for trading day 2026-02-23
2026-03-06 20:09:38,066 | INFO | trading_system.engine.position_manager | Position manager reset for trading day 2026-02-24
2026-03-06 20:09:38,071 | INFO | trading_system.engine.position_manager | Position manager reset for trading day 2026-02-25
2026-03-06 20:09:38,076 | INFO | trading_system.engine.position_manager | Position manager reset for trading day 2026-02-26
2026-03-06 20:09:38,084 | INFO | trading_system.engine.position_manager | Position manager reset for trading day 2026-02-27
2026-03-06 20:09:38,096 | INFO | trading_system.engine.position_manager | Position manager reset for trading day 2026-03-05
2026-03-06 20:09:38,100 | INFO | trading_system.engine.position_manager | Position manager reset for trading day 2026-03-06
2026-03-06 20:09:38,114 | INFO | trading_system.backtesting.backtester | Backtest finished for ^NSEI with 64 trades and total profit -140.60
2026-03-06 20:10:03,410 | INFO | trading_system.paper_trading.paper_trader | Starting paper trader for ^NSEI
2026-03-06 20:10:04,453 | INFO | trading_system.engine.position_manager | Position manager reset for trading day 2026-02-27
2026-03-06 20:10:04,466 | INFO | trading_system.engine.position_manager | Position manager reset for trading day 2026-03-05
2026-03-06 20:10:04,469 | INFO | trading_system.engine.position_manager | Position manager reset for trading day 2026-03-06
2026-03-06 20:10:04,531 | INFO | trading_system.paper_trading.paper_trader | Paper trading heartbeat | symbol=^NSEI | new_trades=1 | total_profit=-266.50
2026-03-06 20:11:05,069 | INFO | trading_system.engine.position_manager | Position manager reset for trading day 2026-02-27
2026-03-06 20:11:05,081 | INFO | trading_system.engine.position_manager | Position manager reset for trading day 2026-03-05
2026-03-06 20:11:05,085 | INFO | trading_system.engine.position_manager | Position manager reset for trading day 2026-03-06
2026-03-06 20:11:05,129 | INFO | trading_system.paper_trading.paper_trader | Paper trading heartbeat | symbol=^NSEI | new_trades=0 | total_profit=-266.50
2026-03-06 20:12:05,478 | INFO | trading_system.engine.position_manager | Position manager reset for trading day 2026-02-27
2026-03-06 20:12:05,532 | INFO | trading_system.engine.position_manager | Position manager reset for trading day 2026-03-05
2026-03-06 20:12:05,554 | INFO | trading_system.engine.position_manager | Position manager reset for trading day 2026-03-06
2026-03-06 20:12:05,653 | INFO | trading_system.paper_trading.paper_trader | Paper trading heartbeat | symbol=^NSEI | new_trades=0 | total_profit=-266.50
2026-03-06 20:13:06,055 | INFO | trading_system.engine.position_manager | Position manager reset for trading day 2026-02-27
2026-03-06 20:13:06,112 | INFO | trading_system.engine.position_manager | Position manager reset for trading day 2026-03-05
2026-03-06 20:13:06,131 | INFO | trading_system.engine.position_manager | Position manager reset for trading day 2026-03-06
2026-03-06 20:13:06,251 | INFO | trading_system.paper_trading.paper_trader | Paper trading heartbeat | symbol=^NSEI | new_trades=0 | total_profit=-266.50
2026-03-06 20:14:06,708 | INFO | trading_system.engine.position_manager | Position manager reset for trading day 2026-02-27
2026-03-06 20:14:06,764 | INFO | trading_system.engine.position_manager | Position manager reset for trading day 2026-03-05
2026-03-06 20:14:06,785 | INFO | trading_system.engine.position_manager | Position manager reset for trading day 2026-03-06
2026-03-06 20:14:06,885 | INFO | trading_system.paper_trading.paper_trader | Paper trading heartbeat | symbol=^NSEI | new_trades=0 | total_profit=-266.50
2026-03-06 20:15:07,274 | INFO | trading_system.engine.position_manager | Position manager reset for trading day 2026-02-27
2026-03-06 20:15:07,335 | INFO | trading_system.engine.position_manager | Position manager reset for trading day 2026-03-05
2026-03-06 20:15:07,359 | INFO | trading_system.engine.position_manager | Position manager reset for trading day 2026-03-06
2026-03-06 20:15:07,449 | INFO | trading_system.paper_trading.paper_trader | Paper trading heartbeat | symbol=^NSEI | new_trades=0 | total_profit=-266.50
2026-03-06 20:16:07,764 | INFO | trading_system.engine.position_manager | Position manager reset for trading day 2026-02-27
2026-03-06 20:16:07,777 | INFO | trading_system.engine.position_manager | Position manager reset for trading day 2026-03-05
2026-03-06 20:16:07,780 | INFO | trading_system.engine.position_manager | Position manager reset for trading day 2026-03-06
2026-03-06 20:16:07,818 | INFO | trading_system.paper_trading.paper_trader | Paper trading heartbeat | symbol=^NSEI | new_trades=0 | total_profit=-266.50
2026-03-06 20:17:08,086 | INFO | trading_system.engine.position_manager | Position manager reset for trading day 2026-02-27
2026-03-06 20:17:08,099 | INFO | trading_system.engine.position_manager | Position manager reset for trading day 2026-03-05
2026-03-06 20:17:08,108 | INFO | trading_system.engine.position_manager | Position manager reset for trading day 2026-03-06
2026-03-06 20:17:08,146 | INFO | trading_system.paper_trading.paper_trader | Paper trading heartbeat | symbol=^NSEI | new_trades=0 | total_profit=-266.50
2026-03-06 20:18:55,160 | INFO | trading_system.engine.position_manager | Position manager reset for trading day 2026-01-22
2026-03-06 20:18:55,173 | INFO | trading_system.engine.position_manager | Position manager reset for trading day 2026-01-23
2026-03-06 20:18:55,189 | INFO | trading_system.engine.position_manager | Position manager reset for trading day 2026-01-27
2026-03-06 20:18:55,202 | INFO | trading_system.engine.position_manager | Position manager reset for trading day 2026-01-28
2026-03-06 20:18:55,216 | INFO | trading_system.engine.position_manager | Position manager reset for trading day 2026-01-29
2026-03-06 20:18:55,229 | INFO | trading_system.engine.position_manager | Position manager reset for trading day 2026-01-30
2026-03-06 20:18:55,244 | INFO | trading_system.engine.position_manager | Position manager reset for trading day 2026-02-03
2026-03-06 20:18:55,256 | INFO | trading_system.engine.position_manager | Position manager reset for trading day 2026-02-04
2026-03-06 20:18:55,272 | INFO | trading_system.engine.position_manager | Position manager reset for trading day 2026-02-05
2026-03-06 20:18:55,286 | INFO | trading_system.engine.position_manager | Position manager reset for trading day 2026-02-06
2026-03-06 20:18:55,299 | INFO | trading_system.engine.position_manager | Position manager reset for trading day 2026-02-09
2026-03-06 20:18:55,316 | INFO | trading_system.engine.position_manager | Position manager reset for trading day 2026-02-10
2026-03-06 20:18:55,327 | INFO | trading_system.engine.position_manager | Position manager reset for trading day 2026-02-11
2026-03-06 20:18:55,343 | INFO | trading_system.engine.position_manager | Position manager reset for trading day 2026-02-12
2026-03-06 20:18:55,357 | INFO | trading_system.engine.position_manager | Position manager reset for trading day 2026-02-13
2026-03-06 20:18:55,368 | INFO | trading_system.engine.position_manager | Position manager reset for trading day 2026-02-16
2026-03-06 20:18:55,384 | INFO | trading_system.engine.position_manager | Position manager reset for trading day 2026-02-17
2026-03-06 20:18:55,398 | INFO | trading_system.engine.position_manager | Position manager reset for trading day 2026-02-18
2026-03-06 20:18:55,412 | INFO | trading_system.engine.position_manager | Position manager reset for trading day 2026-02-19
2026-03-06 20:18:55,425 | INFO | trading_system.engine.position_manager | Position manager reset for trading day 2026-02-20
2026-03-06 20:18:55,440 | INFO | trading_system.engine.position_manager | Position manager reset for trading day 2026-02-23
2026-03-06 20:18:55,455 | INFO | trading_system.engine.position_manager | Position manager reset for trading day 2026-02-24
2026-03-06 20:18:55,470 | INFO | trading_system.engine.position_manager | Position manager reset for trading day 2026-02-25
2026-03-06 20:18:55,480 | INFO | trading_system.engine.position_manager | Position manager reset for trading day 2026-02-26
2026-03-06 20:18:55,495 | INFO | trading_system.engine.position_manager | Position manager reset for trading day 2026-02-27
2026-03-06 20:18:55,509 | INFO | trading_system.engine.position_manager | Position manager reset for trading day 2026-03-02
2026-03-06 20:18:55,521 | INFO | trading_system.engine.position_manager | Position manager reset for trading day 2026-03-04
2026-03-06 20:18:55,534 | INFO | trading_system.engine.position_manager | Position manager reset for trading day 2026-03-05
2026-03-06 20:18:55,548 | INFO | trading_system.engine.position_manager | Position manager reset for trading day 2026-03-06
2026-03-06 20:18:55,575 | INFO | trading_system.backtesting.backtester | Backtest finished for ^NSEI with 352 trades and total profit -98.00
2026-03-06 20:19:13,481 | INFO | trading_system.paper_trading.paper_trader | Starting paper trader for ^NSEI
2026-03-06 20:19:14,360 | INFO | trading_system.engine.position_manager | Position manager reset for trading day 2026-02-27
2026-03-06 20:19:14,376 | INFO | trading_system.engine.position_manager | Position manager reset for trading day 2026-03-02
2026-03-06 20:19:14,387 | INFO | trading_system.engine.position_manager | Position manager reset for trading day 2026-03-04
2026-03-06 20:19:14,398 | INFO | trading_system.engine.position_manager | Position manager reset for trading day 2026-03-05
2026-03-06 20:19:14,413 | INFO | trading_system.engine.position_manager | Position manager reset for trading day 2026-03-06
2026-03-06 20:19:14,479 | INFO | trading_system.paper_trading.paper_trader | Paper trading heartbeat | symbol=^NSEI | new_trades=4 | total_profit=-118.20
2026-03-06 20:20:15,485 | INFO | trading_system.engine.position_manager | Position manager reset for trading day 2026-02-27
2026-03-06 20:20:15,558 | INFO | trading_system.engine.position_manager | Position manager reset for trading day 2026-03-02
2026-03-06 20:20:15,621 | INFO | trading_system.engine.position_manager | Position manager reset for trading day 2026-03-04
2026-03-06 20:20:15,680 | INFO | trading_system.engine.position_manager | Position manager reset for trading day 2026-03-05
2026-03-06 20:20:15,738 | INFO | trading_system.engine.position_manager | Position manager reset for trading day 2026-03-06
2026-03-06 20:20:15,880 | INFO | trading_system.paper_trading.paper_trader | Paper trading heartbeat | symbol=^NSEI | new_trades=0 | total_profit=-118.20
2026-03-06 20:21:16,277 | INFO | trading_system.engine.position_manager | Position manager reset for trading day 2026-02-27
2026-03-06 20:21:16,341 | INFO | trading_system.engine.position_manager | Position manager reset for trading day 2026-03-02
2026-03-06 20:21:16,392 | INFO | trading_system.engine.position_manager | Position manager reset for trading day 2026-03-04
2026-03-06 20:21:16,445 | INFO | trading_system.engine.position_manager | Position manager reset for trading day 2026-03-05
2026-03-06 20:21:16,515 | INFO | trading_system.engine.position_manager | Position manager reset for trading day 2026-03-06
2026-03-06 20:21:16,673 | INFO | trading_system.paper_trading.paper_trader | Paper trading heartbeat | symbol=^NSEI | new_trades=0 | total_profit=-118.20
2026-03-06 20:22:17,104 | INFO | trading_system.engine.position_manager | Position manager reset for trading day 2026-02-27
2026-03-06 20:22:17,176 | INFO | trading_system.engine.position_manager | Position manager reset for trading day 2026-03-02
2026-03-06 20:22:17,226 | INFO | trading_system.engine.position_manager | Position manager reset for trading day 2026-03-04
2026-03-06 20:22:17,274 | INFO | trading_system.engine.position_manager | Position manager reset for trading day 2026-03-05
2026-03-06 20:22:17,333 | INFO | trading_system.engine.position_manager | Position manager reset for trading day 2026-03-06
2026-03-06 20:22:17,497 | INFO | trading_system.paper_trading.paper_trader | Paper trading heartbeat | symbol=^NSEI | new_trades=0 | total_profit=-118.20
2026-03-06 20:23:18,084 | INFO | trading_system.engine.position_manager | Position manager reset for trading day 2026-02-27
2026-03-06 20:23:18,117 | INFO | trading_system.engine.position_manager | Position manager reset for trading day 2026-03-02
2026-03-06 20:23:18,171 | INFO | trading_system.engine.position_manager | Position manager reset for trading day 2026-03-04
2026-03-06 20:23:18,227 | INFO | trading_system.engine.position_manager | Position manager reset for trading day 2026-03-05
2026-03-06 20:23:18,287 | INFO | trading_system.engine.position_manager | Position manager reset for trading day 2026-03-06
2026-03-06 20:23:18,447 | INFO | trading_system.paper_trading.paper_trader | Paper trading heartbeat | symbol=^NSEI | new_trades=0 | total_profit=-118.20
2026-03-06 20:24:19,124 | INFO | trading_system.engine.position_manager | Position manager reset for trading day 2026-02-27
2026-03-06 20:24:19,197 | INFO | trading_system.engine.position_manager | Position manager reset for trading day 2026-03-02
2026-03-06 20:24:19,249 | INFO | trading_system.engine.position_manager | Position manager reset for trading day 2026-03-04
2026-03-06 20:24:19,306 | INFO | trading_system.engine.position_manager | Position manager reset for trading day 2026-03-05
2026-03-06 20:24:19,373 | INFO | trading_system.engine.position_manager | Position manager reset for trading day 2026-03-06
2026-03-06 20:24:19,516 | INFO | trading_system.paper_trading.paper_trader | Paper trading heartbeat | symbol=^NSEI | new_trades=0 | total_profit=-118.20
2026-03-06 20:25:19,858 | INFO | trading_system.engine.position_manager | Position manager reset for trading day 2026-02-27
2026-03-06 20:25:19,874 | INFO | trading_system.engine.position_manager | Position manager reset for trading day 2026-03-02
2026-03-06 20:25:19,885 | INFO | trading_system.engine.position_manager | Position manager reset for trading day 2026-03-04
2026-03-06 20:25:19,898 | INFO | trading_system.engine.position_manager | Position manager reset for trading day 2026-03-05
2026-03-06 20:25:19,912 | INFO | trading_system.engine.position_manager | Position manager reset for trading day 2026-03-06
2026-03-06 20:25:19,969 | INFO | trading_system.paper_trading.paper_trader | Paper trading heartbeat | symbol=^NSEI | new_trades=0 | total_profit=-118.20
2026-03-06 20:26:20,391 | INFO | trading_system.engine.position_manager | Position manager reset for trading day 2026-02-27
2026-03-06 20:26:20,407 | INFO | trading_system.engine.position_manager | Position manager reset for trading day 2026-03-02
2026-03-06 20:26:20,418 | INFO | trading_system.engine.position_manager | Position manager reset for trading day 2026-03-04
2026-03-06 20:26:20,430 | INFO | trading_system.engine.position_manager | Position manager reset for trading day 2026-03-05
2026-03-06 20:26:20,445 | INFO | trading_system.engine.position_manager | Position manager reset for trading day 2026-03-06
2026-03-06 20:26:20,497 | INFO | trading_system.paper_trading.paper_trader | Paper trading heartbeat | symbol=^NSEI | new_trades=0 | total_profit=-118.20
2026-03-06 20:27:30,775 | WARNING | trading_system.data.yfinance_loader | No data returned for ^NSEI
2026-03-06 20:28:27,980 | INFO | trading_system.engine.position_manager | Position manager reset for trading day 2026-02-27
2026-03-06 20:28:27,999 | INFO | trading_system.engine.position_manager | Position manager reset for trading day 2026-03-04
2026-03-06 20:28:28,008 | INFO | trading_system.engine.position_manager | Position manager reset for trading day 2026-03-05
2026-03-06 20:28:28,016 | INFO | trading_system.engine.position_manager | Position manager reset for trading day 2026-03-06
2026-03-06 20:28:28,032 | INFO | trading_system.backtesting.backtester | Backtest finished for ^NSEI with 27 trades and total profit -109.80
2026-03-06 20:28:35,093 | INFO | trading_system.paper_trading.paper_trader | Starting paper trader for ^NSEI
2026-03-06 20:28:36,862 | INFO | trading_system.engine.position_manager | Position manager reset for trading day 2026-02-27
2026-03-06 20:28:36,882 | INFO | trading_system.engine.position_manager | Position manager reset for trading day 2026-03-04
2026-03-06 20:28:36,890 | INFO | trading_system.engine.position_manager | Position manager reset for trading day 2026-03-05
2026-03-06 20:28:36,900 | INFO | trading_system.engine.position_manager | Position manager reset for trading day 2026-03-06
2026-03-06 20:28:36,927 | INFO | trading_system.paper_trading.paper_trader | Paper trading heartbeat | symbol=^NSEI | new_trades=0 | total_profit=-109.80
2026-03-06 20:29:37,503 | INFO | trading_system.engine.position_manager | Position manager reset for trading day 2026-02-27
2026-03-06 20:29:37,586 | INFO | trading_system.engine.position_manager | Position manager reset for trading day 2026-03-04
2026-03-06 20:29:37,626 | INFO | trading_system.engine.position_manager | Position manager reset for trading day 2026-03-05
2026-03-06 20:29:37,666 | INFO | trading_system.engine.position_manager | Position manager reset for trading day 2026-03-06
2026-03-06 20:29:37,742 | INFO | trading_system.paper_trading.paper_trader | Paper trading heartbeat | symbol=^NSEI | new_trades=0 | total_profit=-109.80
2026-03-06 20:30:38,300 | INFO | trading_system.engine.position_manager | Position manager reset for trading day 2026-02-27
2026-03-06 20:30:38,397 | INFO | trading_system.engine.position_manager | Position manager reset for trading day 2026-03-04
2026-03-06 20:30:38,437 | INFO | trading_system.engine.position_manager | Position manager reset for trading day 2026-03-05
2026-03-06 20:30:38,478 | INFO | trading_system.engine.position_manager | Position manager reset for trading day 2026-03-06
2026-03-06 20:30:38,559 | INFO | trading_system.paper_trading.paper_trader | Paper trading heartbeat | symbol=^NSEI | new_trades=0 | total_profit=-109.80
2026-03-06 20:31:39,112 | INFO | trading_system.engine.position_manager | Position manager reset for trading day 2026-02-27
2026-03-06 20:31:39,195 | INFO | trading_system.engine.position_manager | Position manager reset for trading day 2026-03-04
2026-03-06 20:31:39,232 | INFO | trading_system.engine.position_manager | Position manager reset for trading day 2026-03-05
2026-03-06 20:31:39,269 | INFO | trading_system.engine.position_manager | Position manager reset for trading day 2026-03-06
2026-03-06 20:31:39,351 | INFO | trading_system.paper_trading.paper_trader | Paper trading heartbeat | symbol=^NSEI | new_trades=0 | total_profit=-109.80
2026-03-06 20:32:39,864 | INFO | trading_system.engine.position_manager | Position manager reset for trading day 2026-02-27
2026-03-06 20:32:39,968 | INFO | trading_system.engine.position_manager | Position manager reset for trading day 2026-03-04
2026-03-06 20:32:40,016 | INFO | trading_system.engine.position_manager | Position manager reset for trading day 2026-03-05
2026-03-06 20:32:40,054 | INFO | trading_system.engine.position_manager | Position manager reset for trading day 2026-03-06
2026-03-06 20:32:40,130 | INFO | trading_system.paper_trading.paper_trader | Paper trading heartbeat | symbol=^NSEI | new_trades=0 | total_profit=-109.80
2026-03-06 20:33:40,631 | INFO | trading_system.engine.position_manager | Position manager reset for trading day 2026-02-27
2026-03-06 20:33:40,707 | INFO | trading_system.engine.position_manager | Position manager reset for trading day 2026-03-04
2026-03-06 20:33:40,759 | INFO | trading_system.engine.position_manager | Position manager reset for trading day 2026-03-05
2026-03-06 20:33:40,805 | INFO | trading_system.engine.position_manager | Position manager reset for trading day 2026-03-06
2026-03-06 20:33:40,883 | INFO | trading_system.paper_trading.paper_trader | Paper trading heartbeat | symbol=^NSEI | new_trades=0 | total_profit=-109.80
2026-03-06 20:34:41,538 | INFO | trading_system.engine.position_manager | Position manager reset for trading day 2026-02-27
2026-03-06 20:34:41,643 | INFO | trading_system.engine.position_manager | Position manager reset for trading day 2026-03-04
2026-03-06 20:34:41,688 | INFO | trading_system.engine.position_manager | Position manager reset for trading day 2026-03-05
2026-03-06 20:34:41,740 | INFO | trading_system.engine.position_manager | Position manager reset for trading day 2026-03-06
2026-03-06 20:34:41,832 | INFO | trading_system.paper_trading.paper_trader | Paper trading heartbeat | symbol=^NSEI | new_trades=0 | total_profit=-109.80
2026-03-06 20:35:42,461 | INFO | trading_system.engine.position_manager | Position manager reset for trading day 2026-02-27
2026-03-06 20:35:42,570 | INFO | trading_system.engine.position_manager | Position manager reset for trading day 2026-03-04
2026-03-06 20:35:42,611 | INFO | trading_system.engine.position_manager | Position manager reset for trading day 2026-03-05
2026-03-06 20:35:42,663 | INFO | trading_system.engine.position_manager | Position manager reset for trading day 2026-03-06
2026-03-06 20:35:42,740 | INFO | trading_system.paper_trading.paper_trader | Paper trading heartbeat | symbol=^NSEI | new_trades=0 | total_profit=-109.80
2026-03-06 20:36:43,537 | INFO | trading_system.engine.position_manager | Position manager reset for trading day 2026-02-27
2026-03-06 20:36:43,645 | INFO | trading_system.engine.position_manager | Position manager reset for trading day 2026-03-04
2026-03-06 20:36:43,692 | INFO | trading_system.engine.position_manager | Position manager reset for trading day 2026-03-05
2026-03-06 20:36:43,742 | INFO | trading_system.engine.position_manager | Position manager reset for trading day 2026-03-06
2026-03-06 20:36:43,811 | INFO | trading_system.paper_trading.paper_trader | Paper trading heartbeat | symbol=^NSEI | new_trades=0 | total_profit=-109.80
2026-03-06 20:37:44,731 | INFO | trading_system.engine.position_manager | Position manager reset for trading day 2026-02-27
2026-03-06 20:37:44,816 | INFO | trading_system.engine.position_manager | Position manager reset for trading day 2026-03-04
2026-03-06 20:37:44,864 | INFO | trading_system.engine.position_manager | Position manager reset for trading day 2026-03-05
2026-03-06 20:37:44,910 | INFO | trading_system.engine.position_manager | Position manager reset for trading day 2026-03-06
2026-03-06 20:37:45,000 | INFO | trading_system.paper_trading.paper_trader | Paper trading heartbeat | symbol=^NSEI | new_trades=0 | total_profit=-109.80
2026-03-06 20:38:45,649 | INFO | trading_system.engine.position_manager | Position manager reset for trading day 2026-02-27
2026-03-06 20:38:45,691 | INFO | trading_system.engine.position_manager | Position manager reset for trading day 2026-03-04
2026-03-06 20:38:45,748 | INFO | trading_system.engine.position_manager | Position manager reset for trading day 2026-03-05
2026-03-06 20:38:45,795 | INFO | trading_system.engine.position_manager | Position manager reset for trading day 2026-03-06
2026-03-06 20:38:45,890 | INFO | trading_system.paper_trading.paper_trader | Paper trading heartbeat | symbol=^NSEI | new_trades=0 | total_profit=-109.80
2026-03-06 20:48:09,026 | INFO | trading_system.engine.position_manager | Position manager reset for trading day 2026-02-27
2026-03-06 20:48:09,080 | INFO | trading_system.engine.position_manager | Position manager reset for trading day 2026-03-04
2026-03-06 20:48:09,103 | INFO | trading_system.engine.position_manager | Position manager reset for trading day 2026-03-05
2026-03-06 20:48:09,126 | INFO | trading_system.engine.position_manager | Position manager reset for trading day 2026-03-06
2026-03-06 20:48:09,171 | INFO | trading_system.paper_trading.paper_trader | Paper trading heartbeat | symbol=^NSEI | new_trades=0 | total_profit=-109.80
2026-03-06 20:49:09,646 | INFO | trading_system.engine.position_manager | Position manager reset for trading day 2026-02-27
2026-03-06 20:49:09,700 | INFO | trading_system.engine.position_manager | Position manager reset for trading day 2026-03-04
2026-03-06 20:49:09,725 | INFO | trading_system.engine.position_manager | Position manager reset for trading day 2026-03-05
2026-03-06 20:49:09,750 | INFO | trading_system.engine.position_manager | Position manager reset for trading day 2026-03-06
2026-03-06 20:49:09,802 | INFO | trading_system.paper_trading.paper_trader | Paper trading heartbeat | symbol=^NSEI | new_trades=0 | total_profit=-109.80
2026-03-06 20:50:10,165 | INFO | trading_system.engine.position_manager | Position manager reset for trading day 2026-02-27
2026-03-06 20:50:10,217 | INFO | trading_system.engine.position_manager | Position manager reset for trading day 2026-03-04
2026-03-06 20:50:10,272 | INFO | trading_system.engine.position_manager | Position manager reset for trading day 2026-03-05
2026-03-06 20:50:10,306 | INFO | trading_system.engine.position_manager | Position manager reset for trading day 2026-03-06
2026-03-06 20:50:10,418 | INFO | trading_system.paper_trading.paper_trader | Paper trading heartbeat | symbol=^NSEI | new_trades=0 | total_profit=-109.80
2026-03-06 20:51:10,862 | INFO | trading_system.engine.position_manager | Position manager reset for trading day 2026-02-27
2026-03-06 20:51:10,971 | INFO | trading_system.engine.position_manager | Position manager reset for trading day 2026-03-04
2026-03-06 20:51:11,019 | INFO | trading_system.engine.position_manager | Position manager reset for trading day 2026-03-05
2026-03-06 20:51:11,060 | INFO | trading_system.engine.position_manager | Position manager reset for trading day 2026-03-06
2026-03-06 20:51:11,139 | INFO | trading_system.paper_trading.paper_trader | Paper trading heartbeat | symbol=^NSEI | new_trades=0 | total_profit=-109.80
2026-03-06 20:52:11,590 | INFO | trading_system.engine.position_manager | Position manager reset for trading day 2026-02-27
2026-03-06 20:52:11,684 | INFO | trading_system.engine.position_manager | Position manager reset for trading day 2026-03-04
2026-03-06 20:52:11,731 | INFO | trading_system.engine.position_manager | Position manager reset for trading day 2026-03-05
2026-03-06 20:52:11,776 | INFO | trading_system.engine.position_manager | Position manager reset for trading day 2026-03-06
2026-03-06 20:52:11,861 | INFO | trading_system.paper_trading.paper_trader | Paper trading heartbeat | symbol=^NSEI | new_trades=0 | total_profit=-109.80
2026-03-06 20:53:12,240 | INFO | trading_system.engine.position_manager | Position manager reset for trading day 2026-02-27
2026-03-06 20:53:12,316 | INFO | trading_system.engine.position_manager | Position manager reset for trading day 2026-03-04
2026-03-06 20:53:12,351 | INFO | trading_system.engine.position_manager | Position manager reset for trading day 2026-03-05
2026-03-06 20:53:12,385 | INFO | trading_system.engine.position_manager | Position manager reset for trading day 2026-03-06
2026-03-06 20:53:12,460 | INFO | trading_system.paper_trading.paper_trader | Paper trading heartbeat | symbol=^NSEI | new_trades=0 | total_profit=-109.80
2026-03-06 20:54:13,079 | INFO | trading_system.engine.position_manager | Position manager reset for trading day 2026-02-27
2026-03-06 20:54:13,166 | INFO | trading_system.engine.position_manager | Position manager reset for trading day 2026-03-04
2026-03-06 20:54:13,205 | INFO | trading_system.engine.position_manager | Position manager reset for trading day 2026-03-05
2026-03-06 20:54:13,248 | INFO | trading_system.engine.position_manager | Position manager reset for trading day 2026-03-06
2026-03-06 20:54:13,327 | INFO | trading_system.paper_trading.paper_trader | Paper trading heartbeat | symbol=^NSEI | new_trades=0 | total_profit=-109.80
2026-03-06 20:55:13,875 | INFO | trading_system.engine.position_manager | Position manager reset for trading day 2026-02-27
2026-03-06 20:55:13,981 | INFO | trading_system.engine.position_manager | Position manager reset for trading day 2026-03-04
2026-03-06 20:55:14,033 | INFO | trading_system.engine.position_manager | Position manager reset for trading day 2026-03-05
2026-03-06 20:55:14,086 | INFO | trading_system.engine.position_manager | Position manager reset for trading day 2026-03-06
2026-03-06 20:55:14,186 | INFO | trading_system.paper_trading.paper_trader | Paper trading heartbeat | symbol=^NSEI | new_trades=0 | total_profit=-109.80
2026-03-06 20:56:14,682 | INFO | trading_system.engine.position_manager | Position manager reset for trading day 2026-02-27
2026-03-06 20:56:14,767 | INFO | trading_system.engine.position_manager | Position manager reset for trading day 2026-03-04
2026-03-06 20:56:14,806 | INFO | trading_system.engine.position_manager | Position manager reset for trading day 2026-03-05
2026-03-06 20:56:14,848 | INFO | trading_system.engine.position_manager | Position manager reset for trading day 2026-03-06
2026-03-06 20:56:14,931 | INFO | trading_system.paper_trading.paper_trader | Paper trading heartbeat | symbol=^NSEI | new_trades=0 | total_profit=-109.80
2026-03-06 20:57:15,995 | INFO | trading_system.engine.position_manager | Position manager reset for trading day 2026-02-27
2026-03-06 20:57:16,098 | INFO | trading_system.engine.position_manager | Position manager reset for trading day 2026-03-04
2026-03-06 20:57:16,133 | INFO | trading_system.engine.position_manager | Position manager reset for trading day 2026-03-05
2026-03-06 20:57:16,178 | INFO | trading_system.engine.position_manager | Position manager reset for trading day 2026-03-06
2026-03-06 20:57:16,252 | INFO | trading_system.paper_trading.paper_trader | Paper trading heartbeat | symbol=^NSEI | new_trades=0 | total_profit=-109.80
2026-03-06 20:58:16,756 | INFO | trading_system.engine.position_manager | Position manager reset for trading day 2026-02-27
2026-03-06 20:58:16,846 | INFO | trading_system.engine.position_manager | Position manager reset for trading day 2026-03-04
2026-03-06 20:58:16,887 | INFO | trading_system.engine.position_manager | Position manager reset for trading day 2026-03-05
2026-03-06 20:58:16,931 | INFO | trading_system.engine.position_manager | Position manager reset for trading day 2026-03-06
2026-03-06 20:58:17,001 | INFO | trading_system.paper_trading.paper_trader | Paper trading heartbeat | symbol=^NSEI | new_trades=0 | total_profit=-109.80
2026-03-06 20:59:17,441 | INFO | trading_system.engine.position_manager | Position manager reset for trading day 2026-02-27
2026-03-06 20:59:17,530 | INFO | trading_system.engine.position_manager | Position manager reset for trading day 2026-03-04
2026-03-06 20:59:17,569 | INFO | trading_system.engine.position_manager | Position manager reset for trading day 2026-03-05
2026-03-06 20:59:17,607 | INFO | trading_system.engine.position_manager | Position manager reset for trading day 2026-03-06
2026-03-06 20:59:17,696 | INFO | trading_system.paper_trading.paper_trader | Paper trading heartbeat | symbol=^NSEI | new_trades=0 | total_profit=-109.80
2026-03-06 21:00:18,125 | INFO | trading_system.engine.position_manager | Position manager reset for trading day 2026-02-27
2026-03-06 21:00:18,215 | INFO | trading_system.engine.position_manager | Position manager reset for trading day 2026-03-04
2026-03-06 21:00:18,250 | INFO | trading_system.engine.position_manager | Position manager reset for trading day 2026-03-05
2026-03-06 21:00:18,292 | INFO | trading_system.engine.position_manager | Position manager reset for trading day 2026-03-06
2026-03-06 21:00:18,418 | INFO | trading_system.paper_trading.paper_trader | Paper trading heartbeat | symbol=^NSEI | new_trades=0 | total_profit=-109.80
2026-03-06 21:01:18,908 | INFO | trading_system.engine.position_manager | Position manager reset for trading day 2026-02-27
2026-03-06 21:01:18,988 | INFO | trading_system.engine.position_manager | Position manager reset for trading day 2026-03-04
2026-03-06 21:01:19,032 | INFO | trading_system.engine.position_manager | Position manager reset for trading day 2026-03-05
2026-03-06 21:01:19,071 | INFO | trading_system.engine.position_manager | Position manager reset for trading day 2026-03-06
2026-03-06 21:01:19,164 | INFO | trading_system.paper_trading.paper_trader | Paper trading heartbeat | symbol=^NSEI | new_trades=0 | total_profit=-109.80
2026-03-06 21:02:19,625 | INFO | trading_system.engine.position_manager | Position manager reset for trading day 2026-02-27
2026-03-06 21:02:19,673 | INFO | trading_system.engine.position_manager | Position manager reset for trading day 2026-03-04
2026-03-06 21:02:19,729 | INFO | trading_system.engine.position_manager | Position manager reset for trading day 2026-03-05
2026-03-06 21:02:19,775 | INFO | trading_system.engine.position_manager | Position manager reset for trading day 2026-03-06
2026-03-06 21:02:19,870 | INFO | trading_system.paper_trading.paper_trader | Paper trading heartbeat | symbol=^NSEI | new_trades=0 | total_profit=-109.80
2026-03-06 21:03:20,665 | INFO | trading_system.engine.position_manager | Position manager reset for trading day 2026-02-27
2026-03-06 21:03:20,784 | INFO | trading_system.engine.position_manager | Position manager reset for trading day 2026-03-04
2026-03-06 21:03:20,836 | INFO | trading_system.engine.position_manager | Position manager reset for trading day 2026-03-05
2026-03-06 21:03:20,882 | INFO | trading_system.engine.position_manager | Position manager reset for trading day 2026-03-06
2026-03-06 21:03:20,972 | INFO | trading_system.paper_trading.paper_trader | Paper trading heartbeat | symbol=^NSEI | new_trades=0 | total_profit=-109.80
2026-03-06 21:04:21,419 | INFO | trading_system.engine.position_manager | Position manager reset for trading day 2026-02-27
2026-03-06 21:04:21,505 | INFO | trading_system.engine.position_manager | Position manager reset for trading day 2026-03-04
2026-03-06 21:04:21,542 | INFO | trading_system.engine.position_manager | Position manager reset for trading day 2026-03-05
2026-03-06 21:04:21,585 | INFO | trading_system.engine.position_manager | Position manager reset for trading day 2026-03-06
2026-03-06 21:04:21,673 | INFO | trading_system.paper_trading.paper_trader | Paper trading heartbeat | symbol=^NSEI | new_trades=0 | total_profit=-109.80
2026-03-06 21:05:22,043 | INFO | trading_system.engine.position_manager | Position manager reset for trading day 2026-02-27
2026-03-06 21:05:22,135 | INFO | trading_system.engine.position_manager | Position manager reset for trading day 2026-03-04
2026-03-06 21:05:22,172 | INFO | trading_system.engine.position_manager | Position manager reset for trading day 2026-03-05
2026-03-06 21:05:22,212 | INFO | trading_system.engine.position_manager | Position manager reset for trading day 2026-03-06
2026-03-06 21:05:22,286 | INFO | trading_system.paper_trading.paper_trader | Paper trading heartbeat | symbol=^NSEI | new_trades=0 | total_profit=-109.80
2026-03-06 21:06:22,746 | INFO | trading_system.engine.position_manager | Position manager reset for trading day 2026-02-27
2026-03-06 21:06:22,828 | INFO | trading_system.engine.position_manager | Position manager reset for trading day 2026-03-04
2026-03-06 21:06:22,866 | INFO | trading_system.engine.position_manager | Position manager reset for trading day 2026-03-05
2026-03-06 21:06:22,904 | INFO | trading_system.engine.position_manager | Position manager reset for trading day 2026-03-06
2026-03-06 21:06:22,985 | INFO | trading_system.paper_trading.paper_trader | Paper trading heartbeat | symbol=^NSEI | new_trades=0 | total_profit=-109.80
2026-03-06 21:07:23,384 | INFO | trading_system.engine.position_manager | Position manager reset for trading day 2026-02-27
2026-03-06 21:07:23,473 | INFO | trading_system.engine.position_manager | Position manager reset for trading day 2026-03-04
2026-03-06 21:07:23,516 | INFO | trading_system.engine.position_manager | Position manager reset for trading day 2026-03-05
2026-03-06 21:07:23,558 | INFO | trading_system.engine.position_manager | Position manager reset for trading day 2026-03-06
2026-03-06 21:07:23,643 | INFO | trading_system.paper_trading.paper_trader | Paper trading heartbeat | symbol=^NSEI | new_trades=0 | total_profit=-109.80
2026-03-06 21:08:24,086 | INFO | trading_system.engine.position_manager | Position manager reset for trading day 2026-02-27
2026-03-06 21:08:24,176 | INFO | trading_system.engine.position_manager | Position manager reset for trading day 2026-03-04
2026-03-06 21:08:24,218 | INFO | trading_system.engine.position_manager | Position manager reset for trading day 2026-03-05
2026-03-06 21:08:24,263 | INFO | trading_system.engine.position_manager | Position manager reset for trading day 2026-03-06
2026-03-06 21:08:24,342 | INFO | trading_system.paper_trading.paper_trader | Paper trading heartbeat | symbol=^NSEI | new_trades=0 | total_profit=-109.80
2026-03-06 21:09:24,814 | INFO | trading_system.engine.position_manager | Position manager reset for trading day 2026-02-27
2026-03-06 21:09:24,917 | INFO | trading_system.engine.position_manager | Position manager reset for trading day 2026-03-04
2026-03-06 21:09:24,959 | INFO | trading_system.engine.position_manager | Position manager reset for trading day 2026-03-05
2026-03-06 21:09:25,007 | INFO | trading_system.engine.position_manager | Position manager reset for trading day 2026-03-06
2026-03-06 21:09:25,087 | INFO | trading_system.paper_trading.paper_trader | Paper trading heartbeat | symbol=^NSEI | new_trades=0 | total_profit=-109.80
2026-03-06 21:10:25,512 | INFO | trading_system.engine.position_manager | Position manager reset for trading day 2026-02-27
2026-03-06 21:10:25,601 | INFO | trading_system.engine.position_manager | Position manager reset for trading day 2026-03-04
2026-03-06 21:10:25,640 | INFO | trading_system.engine.position_manager | Position manager reset for trading day 2026-03-05
2026-03-06 21:10:25,689 | INFO | trading_system.engine.position_manager | Position manager reset for trading day 2026-03-06
2026-03-06 21:10:25,788 | INFO | trading_system.paper_trading.paper_trader | Paper trading heartbeat | symbol=^NSEI | new_trades=0 | total_profit=-109.80
2026-03-06 21:11:26,260 | INFO | trading_system.engine.position_manager | Position manager reset for trading day 2026-02-27
2026-03-06 21:11:26,344 | INFO | trading_system.engine.position_manager | Position manager reset for trading day 2026-03-04
2026-03-06 21:11:26,384 | INFO | trading_system.engine.position_manager | Position manager reset for trading day 2026-03-05
2026-03-06 21:11:26,429 | INFO | trading_system.engine.position_manager | Position manager reset for trading day 2026-03-06
2026-03-06 21:11:26,501 | INFO | trading_system.paper_trading.paper_trader | Paper trading heartbeat | symbol=^NSEI | new_trades=0 | total_profit=-109.80
2026-03-06 21:12:26,885 | INFO | trading_system.engine.position_manager | Position manager reset for trading day 2026-02-27
2026-03-06 21:12:26,974 | INFO | trading_system.engine.position_manager | Position manager reset for trading day 2026-03-04
2026-03-06 21:12:26,996 | INFO | trading_system.engine.position_manager | Position manager reset for trading day 2026-03-05
2026-03-06 21:12:27,041 | INFO | trading_system.engine.position_manager | Position manager reset for trading day 2026-03-06
2026-03-06 21:12:27,116 | INFO | trading_system.paper_trading.paper_trader | Paper trading heartbeat | symbol=^NSEI | new_trades=0 | total_profit=-109.80
2026-03-06 21:13:27,518 | INFO | trading_system.engine.position_manager | Position manager reset for trading day 2026-02-27
2026-03-06 21:13:27,607 | INFO | trading_system.engine.position_manager | Position manager reset for trading day 2026-03-04
2026-03-06 21:13:27,650 | INFO | trading_system.engine.position_manager | Position manager reset for trading day 2026-03-05
2026-03-06 21:13:27,692 | INFO | trading_system.engine.position_manager | Position manager reset for trading day 2026-03-06
2026-03-06 21:13:27,767 | INFO | trading_system.paper_trading.paper_trader | Paper trading heartbeat | symbol=^NSEI | new_trades=0 | total_profit=-109.80
2026-03-06 21:14:28,362 | INFO | trading_system.engine.position_manager | Position manager reset for trading day 2026-02-27
2026-03-06 21:14:28,457 | INFO | trading_system.engine.position_manager | Position manager reset for trading day 2026-03-04
2026-03-06 21:14:28,495 | INFO | trading_system.engine.position_manager | Position manager reset for trading day 2026-03-05
2026-03-06 21:14:28,539 | INFO | trading_system.engine.position_manager | Position manager reset for trading day 2026-03-06
2026-03-06 21:14:28,615 | INFO | trading_system.paper_trading.paper_trader | Paper trading heartbeat | symbol=^NSEI | new_trades=0 | total_profit=-109.80
2026-03-06 21:15:29,092 | INFO | trading_system.engine.position_manager | Position manager reset for trading day 2026-02-27
2026-03-06 21:15:29,177 | INFO | trading_system.engine.position_manager | Position manager reset for trading day 2026-03-04
2026-03-06 21:15:29,217 | INFO | trading_system.engine.position_manager | Position manager reset for trading day 2026-03-05
2026-03-06 21:15:29,260 | INFO | trading_system.engine.position_manager | Position manager reset for trading day 2026-03-06
2026-03-06 21:15:29,343 | INFO | trading_system.paper_trading.paper_trader | Paper trading heartbeat | symbol=^NSEI | new_trades=0 | total_profit=-109.80
2026-03-06 21:16:29,803 | INFO | trading_system.engine.position_manager | Position manager reset for trading day 2026-02-27
2026-03-06 21:16:29,887 | INFO | trading_system.engine.position_manager | Position manager reset for trading day 2026-03-04
2026-03-06 21:16:29,924 | INFO | trading_system.engine.position_manager | Position manager reset for trading day 2026-03-05
2026-03-06 21:16:29,962 | INFO | trading_system.engine.position_manager | Position manager reset for trading day 2026-03-06
2026-03-06 21:16:30,055 | INFO | trading_system.paper_trading.paper_trader | Paper trading heartbeat | symbol=^NSEI | new_trades=0 | total_profit=-109.80
2026-03-06 21:17:30,402 | INFO | trading_system.engine.position_manager | Position manager reset for trading day 2026-02-27
2026-03-06 21:17:30,487 | INFO | trading_system.engine.position_manager | Position manager reset for trading day 2026-03-04
2026-03-06 21:17:30,518 | INFO | trading_system.engine.position_manager | Position manager reset for trading day 2026-03-05
2026-03-06 21:17:30,560 | INFO | trading_system.engine.position_manager | Position manager reset for trading day 2026-03-06
2026-03-06 21:17:30,642 | INFO | trading_system.paper_trading.paper_trader | Paper trading heartbeat | symbol=^NSEI | new_trades=0 | total_profit=-109.80
2026-03-06 21:18:31,000 | INFO | trading_system.engine.position_manager | Position manager reset for trading day 2026-02-27
2026-03-06 21:18:31,091 | INFO | trading_system.engine.position_manager | Position manager reset for trading day 2026-03-04
2026-03-06 21:18:31,132 | INFO | trading_system.engine.position_manager | Position manager reset for trading day 2026-03-05
2026-03-06 21:18:31,177 | INFO | trading_system.engine.position_manager | Position manager reset for trading day 2026-03-06
2026-03-06 21:18:31,268 | INFO | trading_system.paper_trading.paper_trader | Paper trading heartbeat | symbol=^NSEI | new_trades=0 | total_profit=-109.80
2026-03-06 21:19:31,604 | INFO | trading_system.engine.position_manager | Position manager reset for trading day 2026-02-27
2026-03-06 21:19:31,688 | INFO | trading_system.engine.position_manager | Position manager reset for trading day 2026-03-04
2026-03-06 21:19:31,726 | INFO | trading_system.engine.position_manager | Position manager reset for trading day 2026-03-05
2026-03-06 21:19:31,768 | INFO | trading_system.engine.position_manager | Position manager reset for trading day 2026-03-06
2026-03-06 21:19:31,845 | INFO | trading_system.paper_trading.paper_trader | Paper trading heartbeat | symbol=^NSEI | new_trades=0 | total_profit=-109.80
2026-03-06 21:20:32,227 | INFO | trading_system.engine.position_manager | Position manager reset for trading day 2026-02-27
2026-03-06 21:20:32,316 | INFO | trading_system.engine.position_manager | Position manager reset for trading day 2026-03-04
2026-03-06 21:20:32,359 | INFO | trading_system.engine.position_manager | Position manager reset for trading day 2026-03-05
2026-03-06 21:20:32,412 | INFO | trading_system.engine.position_manager | Position manager reset for trading day 2026-03-06
2026-03-06 21:20:32,527 | INFO | trading_system.paper_trading.paper_trader | Paper trading heartbeat | symbol=^NSEI | new_trades=0 | total_profit=-109.80
2026-03-06 21:21:33,109 | INFO | trading_system.engine.position_manager | Position manager reset for trading day 2026-02-27
2026-03-06 21:21:33,193 | INFO | trading_system.engine.position_manager | Position manager reset for trading day 2026-03-04
2026-03-06 21:21:33,232 | INFO | trading_system.engine.position_manager | Position manager reset for trading day 2026-03-05
2026-03-06 21:21:33,286 | INFO | trading_system.engine.position_manager | Position manager reset for trading day 2026-03-06
2026-03-06 21:21:33,363 | INFO | trading_system.paper_trading.paper_trader | Paper trading heartbeat | symbol=^NSEI | new_trades=0 | total_profit=-109.80
2026-03-06 21:22:33,822 | INFO | trading_system.engine.position_manager | Position manager reset for trading day 2026-02-27
2026-03-06 21:22:33,903 | INFO | trading_system.engine.position_manager | Position manager reset for trading day 2026-03-04
2026-03-06 21:22:33,939 | INFO | trading_system.engine.position_manager | Position manager reset for trading day 2026-03-05
2026-03-06 21:22:33,986 | INFO | trading_system.engine.position_manager | Position manager reset for trading day 2026-03-06
2026-03-06 21:22:34,062 | INFO | trading_system.paper_trading.paper_trader | Paper trading heartbeat | symbol=^NSEI | new_trades=0 | total_profit=-109.80
2026-03-06 21:23:34,500 | INFO | trading_system.engine.position_manager | Position manager reset for trading day 2026-02-27
2026-03-06 21:23:34,585 | INFO | trading_system.engine.position_manager | Position manager reset for trading day 2026-03-04
2026-03-06 21:23:34,625 | INFO | trading_system.engine.position_manager | Position manager reset for trading day 2026-03-05
2026-03-06 21:23:34,668 | INFO | trading_system.engine.position_manager | Position manager reset for trading day 2026-03-06
2026-03-06 21:23:34,749 | INFO | trading_system.paper_trading.paper_trader | Paper trading heartbeat | symbol=^NSEI | new_trades=0 | total_profit=-109.80
2026-03-06 21:24:35,179 | INFO | trading_system.engine.position_manager | Position manager reset for trading day 2026-02-27
2026-03-06 21:24:35,274 | INFO | trading_system.engine.position_manager | Position manager reset for trading day 2026-03-04
2026-03-06 21:24:35,316 | INFO | trading_system.engine.position_manager | Position manager reset for trading day 2026-03-05
2026-03-06 21:24:35,362 | INFO | trading_system.engine.position_manager | Position manager reset for trading day 2026-03-06
2026-03-06 21:24:35,433 | INFO | trading_system.paper_trading.paper_trader | Paper trading heartbeat | symbol=^NSEI | new_trades=0 | total_profit=-109.80
2026-03-06 21:25:36,107 | INFO | trading_system.engine.position_manager | Position manager reset for trading day 2026-02-27
2026-03-06 21:25:36,204 | INFO | trading_system.engine.position_manager | Position manager reset for trading day 2026-03-04
2026-03-06 21:25:36,244 | INFO | trading_system.engine.position_manager | Position manager reset for trading day 2026-03-05
2026-03-06 21:25:36,288 | INFO | trading_system.engine.position_manager | Position manager reset for trading day 2026-03-06
2026-03-06 21:25:36,379 | INFO | trading_system.paper_trading.paper_trader | Paper trading heartbeat | symbol=^NSEI | new_trades=0 | total_profit=-109.80
2026-03-06 21:26:36,686 | INFO | trading_system.engine.position_manager | Position manager reset for trading day 2026-02-27
2026-03-06 21:26:36,762 | INFO | trading_system.engine.position_manager | Position manager reset for trading day 2026-03-04
2026-03-06 21:26:36,813 | INFO | trading_system.engine.position_manager | Position manager reset for trading day 2026-03-05
2026-03-06 21:26:36,862 | INFO | trading_system.engine.position_manager | Position manager reset for trading day 2026-03-06
2026-03-06 21:26:36,934 | INFO | trading_system.paper_trading.paper_trader | Paper trading heartbeat | symbol=^NSEI | new_trades=0 | total_profit=-109.80
2026-03-06 21:27:37,374 | INFO | trading_system.engine.position_manager | Position manager reset for trading day 2026-02-27
2026-03-06 21:27:37,453 | INFO | trading_system.engine.position_manager | Position manager reset for trading day 2026-03-04
2026-03-06 21:27:37,498 | INFO | trading_system.engine.position_manager | Position manager reset for trading day 2026-03-05
2026-03-06 21:27:37,544 | INFO | trading_system.engine.position_manager | Position manager reset for trading day 2026-03-06
2026-03-06 21:27:37,617 | INFO | trading_system.paper_trading.paper_trader | Paper trading heartbeat | symbol=^NSEI | new_trades=0 | total_profit=-109.80
2026-03-06 21:28:38,033 | INFO | trading_system.engine.position_manager | Position manager reset for trading day 2026-02-27
2026-03-06 21:28:38,068 | INFO | trading_system.engine.position_manager | Position manager reset for trading day 2026-03-04
2026-03-06 21:28:38,118 | INFO | trading_system.engine.position_manager | Position manager reset for trading day 2026-03-05
2026-03-06 21:28:38,168 | INFO | trading_system.engine.position_manager | Position manager reset for trading day 2026-03-06
2026-03-06 21:28:38,242 | INFO | trading_system.paper_trading.paper_trader | Paper trading heartbeat | symbol=^NSEI | new_trades=0 | total_profit=-109.80
2026-03-06 21:29:38,621 | INFO | trading_system.engine.position_manager | Position manager reset for trading day 2026-02-27
2026-03-06 21:29:38,719 | INFO | trading_system.engine.position_manager | Position manager reset for trading day 2026-03-04
2026-03-06 21:29:38,769 | INFO | trading_system.engine.position_manager | Position manager reset for trading day 2026-03-05
2026-03-06 21:29:38,815 | INFO | trading_system.engine.position_manager | Position manager reset for trading day 2026-03-06
2026-03-06 21:29:38,889 | INFO | trading_system.paper_trading.paper_trader | Paper trading heartbeat | symbol=^NSEI | new_trades=0 | total_profit=-109.80
2026-03-06 21:30:39,485 | INFO | trading_system.engine.position_manager | Position manager reset for trading day 2026-02-27
2026-03-06 21:30:39,551 | INFO | trading_system.engine.position_manager | Position manager reset for trading day 2026-03-04
2026-03-06 21:30:39,611 | INFO | trading_system.engine.position_manager | Position manager reset for trading day 2026-03-05
2026-03-06 21:30:39,668 | INFO | trading_system.engine.position_manager | Position manager reset for trading day 2026-03-06
2026-03-06 21:30:39,759 | INFO | trading_system.paper_trading.paper_trader | Paper trading heartbeat | symbol=^NSEI | new_trades=0 | total_profit=-109.80
2026-03-06 21:59:53,228 | INFO | trading_system.engine.position_manager | Position manager reset for trading day 2026-02-27
2026-03-06 21:59:53,283 | INFO | trading_system.engine.position_manager | Position manager reset for trading day 2026-03-04
2026-03-06 21:59:53,305 | INFO | trading_system.engine.position_manager | Position manager reset for trading day 2026-03-05
2026-03-06 21:59:53,330 | INFO | trading_system.engine.position_manager | Position manager reset for trading day 2026-03-06
2026-03-06 21:59:53,380 | INFO | trading_system.paper_trading.paper_trader | Paper trading heartbeat | symbol=^NSEI | new_trades=0 | total_profit=-109.80
2026-03-06 22:00:54,032 | INFO | trading_system.engine.position_manager | Position manager reset for trading day 2026-02-27
2026-03-06 22:00:54,121 | INFO | trading_system.engine.position_manager | Position manager reset for trading day 2026-03-04
2026-03-06 22:00:54,164 | INFO | trading_system.engine.position_manager | Position manager reset for trading day 2026-03-05
2026-03-06 22:00:54,200 | INFO | trading_system.engine.position_manager | Position manager reset for trading day 2026-03-06
2026-03-06 22:00:54,286 | INFO | trading_system.paper_trading.paper_trader | Paper trading heartbeat | symbol=^NSEI | new_trades=0 | total_profit=-109.80
2026-03-06 22:01:54,576 | INFO | trading_system.engine.position_manager | Position manager reset for trading day 2026-02-27
2026-03-06 22:01:54,678 | INFO | trading_system.engine.position_manager | Position manager reset for trading day 2026-03-04
2026-03-06 22:01:54,722 | INFO | trading_system.engine.position_manager | Position manager reset for trading day 2026-03-05
2026-03-06 22:01:54,767 | INFO | trading_system.engine.position_manager | Position manager reset for trading day 2026-03-06
2026-03-06 22:01:54,842 | INFO | trading_system.paper_trading.paper_trader | Paper trading heartbeat | symbol=^NSEI | new_trades=0 | total_profit=-109.80
2026-03-06 22:02:55,296 | INFO | trading_system.engine.position_manager | Position manager reset for trading day 2026-02-27
2026-03-06 22:02:55,377 | INFO | trading_system.engine.position_manager | Position manager reset for trading day 2026-03-04
2026-03-06 22:02:55,417 | INFO | trading_system.engine.position_manager | Position manager reset for trading day 2026-03-05
2026-03-06 22:02:55,457 | INFO | trading_system.engine.position_manager | Position manager reset for trading day 2026-03-06
2026-03-06 22:02:55,587 | INFO | trading_system.paper_trading.paper_trader | Paper trading heartbeat | symbol=^NSEI | new_trades=0 | total_profit=-109.80
2026-03-06 22:03:55,984 | INFO | trading_system.engine.position_manager | Position manager reset for trading day 2026-02-27
2026-03-06 22:03:56,082 | INFO | trading_system.engine.position_manager | Position manager reset for trading day 2026-03-04
2026-03-06 22:03:56,118 | INFO | trading_system.engine.position_manager | Position manager reset for trading day 2026-03-05
2026-03-06 22:03:56,157 | INFO | trading_system.engine.position_manager | Position manager reset for trading day 2026-03-06
2026-03-06 22:03:56,234 | INFO | trading_system.paper_trading.paper_trader | Paper trading heartbeat | symbol=^NSEI | new_trades=0 | total_profit=-109.80
2026-03-06 22:04:56,623 | INFO | trading_system.engine.position_manager | Position manager reset for trading day 2026-02-27
2026-03-06 22:04:56,722 | INFO | trading_system.engine.position_manager | Position manager reset for trading day 2026-03-04
2026-03-06 22:04:56,762 | INFO | trading_system.engine.position_manager | Position manager reset for trading day 2026-03-05
2026-03-06 22:04:56,804 | INFO | trading_system.engine.position_manager | Position manager reset for trading day 2026-03-06
2026-03-06 22:04:56,892 | INFO | trading_system.paper_trading.paper_trader | Paper trading heartbeat | symbol=^NSEI | new_trades=0 | total_profit=-109.80
2026-03-06 22:05:57,553 | INFO | trading_system.engine.position_manager | Position manager reset for trading day 2026-02-27
2026-03-06 22:05:57,653 | INFO | trading_system.engine.position_manager | Position manager reset for trading day 2026-03-04
2026-03-06 22:05:57,697 | INFO | trading_system.engine.position_manager | Position manager reset for trading day 2026-03-05
2026-03-06 22:05:57,739 | INFO | trading_system.engine.position_manager | Position manager reset for trading day 2026-03-06
2026-03-06 22:05:57,834 | INFO | trading_system.paper_trading.paper_trader | Paper trading heartbeat | symbol=^NSEI | new_trades=0 | total_profit=-109.80
2026-03-06 22:06:58,168 | INFO | trading_system.engine.position_manager | Position manager reset for trading day 2026-02-27
2026-03-06 22:06:58,258 | INFO | trading_system.engine.position_manager | Position manager reset for trading day 2026-03-04
2026-03-06 22:06:58,307 | INFO | trading_system.engine.position_manager | Position manager reset for trading day 2026-03-05
2026-03-06 22:06:58,344 | INFO | trading_system.engine.position_manager | Position manager reset for trading day 2026-03-06
2026-03-06 22:06:58,426 | INFO | trading_system.paper_trading.paper_trader | Paper trading heartbeat | symbol=^NSEI | new_trades=0 | total_profit=-109.80
2026-03-06 22:07:58,977 | INFO | trading_system.engine.position_manager | Position manager reset for trading day 2026-02-27
2026-03-06 22:07:59,062 | INFO | trading_system.engine.position_manager | Position manager reset for trading day 2026-03-04
2026-03-06 22:07:59,104 | INFO | trading_system.engine.position_manager | Position manager reset for trading day 2026-03-05
2026-03-06 22:07:59,145 | INFO | trading_system.engine.position_manager | Position manager reset for trading day 2026-03-06
2026-03-06 22:07:59,228 | INFO | trading_system.paper_trading.paper_trader | Paper trading heartbeat | symbol=^NSEI | new_trades=0 | total_profit=-109.80
2026-03-06 22:08:59,517 | INFO | trading_system.engine.position_manager | Position manager reset for trading day 2026-02-27
2026-03-06 22:08:59,607 | INFO | trading_system.engine.position_manager | Position manager reset for trading day 2026-03-04
2026-03-06 22:08:59,651 | INFO | trading_system.engine.position_manager | Position manager reset for trading day 2026-03-05
2026-03-06 22:08:59,694 | INFO | trading_system.engine.position_manager | Position manager reset for trading day 2026-03-06
2026-03-06 22:08:59,780 | INFO | trading_system.paper_trading.paper_trader | Paper trading heartbeat | symbol=^NSEI | new_trades=0 | total_profit=-109.80
2026-03-06 23:34:53,218 | INFO | trading_system.engine.position_manager | Position manager reset for trading day 2026-02-27
2026-03-06 23:34:53,270 | INFO | trading_system.engine.position_manager | Position manager reset for trading day 2026-03-04
2026-03-06 23:34:53,293 | INFO | trading_system.engine.position_manager | Position manager reset for trading day 2026-03-05
2026-03-06 23:34:53,317 | INFO | trading_system.engine.position_manager | Position manager reset for trading day 2026-03-06
2026-03-06 23:34:53,369 | INFO | trading_system.paper_trading.paper_trader | Paper trading heartbeat | symbol=^NSEI | new_trades=0 | total_profit=-109.80
2026-03-06 23:35:53,843 | INFO | trading_system.engine.position_manager | Position manager reset for trading day 2026-02-27
2026-03-06 23:35:53,868 | INFO | trading_system.engine.position_manager | Position manager reset for trading day 2026-03-04
2026-03-06 23:35:53,893 | INFO | trading_system.engine.position_manager | Position manager reset for trading day 2026-03-05
2026-03-06 23:35:53,916 | INFO | trading_system.engine.position_manager | Position manager reset for trading day 2026-03-06
2026-03-06 23:35:53,972 | INFO | trading_system.paper_trading.paper_trader | Paper trading heartbeat | symbol=^NSEI | new_trades=0 | total_profit=-109.80
2026-03-06 23:36:54,373 | INFO | trading_system.engine.position_manager | Position manager reset for trading day 2026-02-27
2026-03-06 23:36:54,460 | INFO | trading_system.engine.position_manager | Position manager reset for trading day 2026-03-04
2026-03-06 23:36:54,501 | INFO | trading_system.engine.position_manager | Position manager reset for trading day 2026-03-05
2026-03-06 23:36:54,541 | INFO | trading_system.engine.position_manager | Position manager reset for trading day 2026-03-06
2026-03-06 23:36:54,626 | INFO | trading_system.paper_trading.paper_trader | Paper trading heartbeat | symbol=^NSEI | new_trades=0 | total_profit=-109.80
2026-03-06 23:37:55,161 | INFO | trading_system.engine.position_manager | Position manager reset for trading day 2026-02-27
2026-03-06 23:37:55,247 | INFO | trading_system.engine.position_manager | Position manager reset for trading day 2026-03-04
2026-03-06 23:37:55,289 | INFO | trading_system.engine.position_manager | Position manager reset for trading day 2026-03-05
2026-03-06 23:37:55,339 | INFO | trading_system.engine.position_manager | Position manager reset for trading day 2026-03-06
2026-03-06 23:37:55,415 | INFO | trading_system.paper_trading.paper_trader | Paper trading heartbeat | symbol=^NSEI | new_trades=0 | total_profit=-109.80
2026-03-06 23:38:55,759 | INFO | trading_system.engine.position_manager | Position manager reset for trading day 2026-02-27
2026-03-06 23:38:55,787 | INFO | trading_system.engine.position_manager | Position manager reset for trading day 2026-03-04
2026-03-06 23:38:55,841 | INFO | trading_system.engine.position_manager | Position manager reset for trading day 2026-03-05
2026-03-06 23:38:55,887 | INFO | trading_system.engine.position_manager | Position manager reset for trading day 2026-03-06
2026-03-06 23:38:55,989 | INFO | trading_system.paper_trading.paper_trader | Paper trading heartbeat | symbol=^NSEI | new_trades=0 | total_profit=-109.80
2026-03-06 23:39:56,252 | INFO | trading_system.engine.position_manager | Position manager reset for trading day 2026-02-27
2026-03-06 23:39:56,285 | INFO | trading_system.engine.position_manager | Position manager reset for trading day 2026-03-04
2026-03-06 23:39:56,337 | INFO | trading_system.engine.position_manager | Position manager reset for trading day 2026-03-05
2026-03-06 23:39:56,388 | INFO | trading_system.engine.position_manager | Position manager reset for trading day 2026-03-06
2026-03-06 23:39:56,477 | INFO | trading_system.paper_trading.paper_trader | Paper trading heartbeat | symbol=^NSEI | new_trades=0 | total_profit=-109.80
2026-03-06 23:40:56,849 | INFO | trading_system.engine.position_manager | Position manager reset for trading day 2026-02-27
2026-03-06 23:40:56,953 | INFO | trading_system.engine.position_manager | Position manager reset for trading day 2026-03-04
2026-03-06 23:40:57,003 | INFO | trading_system.engine.position_manager | Position manager reset for trading day 2026-03-05
2026-03-06 23:40:57,068 | INFO | trading_system.engine.position_manager | Position manager reset for trading day 2026-03-06
2026-03-06 23:40:57,178 | INFO | trading_system.paper_trading.paper_trader | Paper trading heartbeat | symbol=^NSEI | new_trades=0 | total_profit=-109.80
2026-03-06 23:41:57,543 | INFO | trading_system.engine.position_manager | Position manager reset for trading day 2026-02-27
2026-03-06 23:41:57,633 | INFO | trading_system.engine.position_manager | Position manager reset for trading day 2026-03-04
2026-03-06 23:41:57,669 | INFO | trading_system.engine.position_manager | Position manager reset for trading day 2026-03-05
2026-03-06 23:41:57,708 | INFO | trading_system.engine.position_manager | Position manager reset for trading day 2026-03-06
2026-03-06 23:41:57,798 | INFO | trading_system.paper_trading.paper_trader | Paper trading heartbeat | symbol=^NSEI | new_trades=0 | total_profit=-109.80
2026-03-06 23:42:58,278 | INFO | trading_system.engine.position_manager | Position manager reset for trading day 2026-02-27
2026-03-06 23:42:58,370 | INFO | trading_system.engine.position_manager | Position manager reset for trading day 2026-03-04
2026-03-06 23:42:58,412 | INFO | trading_system.engine.position_manager | Position manager reset for trading day 2026-03-05
2026-03-06 23:42:58,452 | INFO | trading_system.engine.position_manager | Position manager reset for trading day 2026-03-06
2026-03-06 23:42:58,533 | INFO | trading_system.paper_trading.paper_trader | Paper trading heartbeat | symbol=^NSEI | new_trades=0 | total_profit=-109.80
2026-03-06 23:43:58,815 | INFO | trading_system.engine.position_manager | Position manager reset for trading day 2026-02-27
2026-03-06 23:43:58,850 | INFO | trading_system.engine.position_manager | Position manager reset for trading day 2026-03-04
2026-03-06 23:43:58,909 | INFO | trading_system.engine.position_manager | Position manager reset for trading day 2026-03-05
2026-03-06 23:43:58,948 | INFO | trading_system.engine.position_manager | Position manager reset for trading day 2026-03-06
2026-03-06 23:43:59,031 | INFO | trading_system.paper_trading.paper_trader | Paper trading heartbeat | symbol=^NSEI | new_trades=0 | total_profit=-109.80
2026-03-06 23:44:59,609 | INFO | trading_system.engine.position_manager | Position manager reset for trading day 2026-02-27
2026-03-06 23:44:59,694 | INFO | trading_system.engine.position_manager | Position manager reset for trading day 2026-03-04
2026-03-06 23:44:59,739 | INFO | trading_system.engine.position_manager | Position manager reset for trading day 2026-03-05
2026-03-06 23:44:59,781 | INFO | trading_system.engine.position_manager | Position manager reset for trading day 2026-03-06
2026-03-06 23:44:59,863 | INFO | trading_system.paper_trading.paper_trader | Paper trading heartbeat | symbol=^NSEI | new_trades=0 | total_profit=-109.80
2026-03-07 00:43:36,692 | INFO | trading_system.engine.position_manager | Position manager reset for trading day 2026-02-27
2026-03-07 00:43:36,747 | INFO | trading_system.engine.position_manager | Position manager reset for trading day 2026-03-04
2026-03-07 00:43:36,775 | INFO | trading_system.engine.position_manager | Position manager reset for trading day 2026-03-05
2026-03-07 00:43:36,798 | INFO | trading_system.engine.position_manager | Position manager reset for trading day 2026-03-06
2026-03-07 00:43:36,852 | INFO | trading_system.paper_trading.paper_trader | Paper trading heartbeat | symbol=^NSEI | new_trades=0 | total_profit=-109.80
2026-03-07 00:44:37,095 | INFO | trading_system.engine.position_manager | Position manager reset for trading day 2026-02-27
2026-03-07 00:44:37,130 | INFO | trading_system.engine.position_manager | Position manager reset for trading day 2026-03-04
2026-03-07 00:44:37,158 | INFO | trading_system.engine.position_manager | Position manager reset for trading day 2026-03-05
2026-03-07 00:44:37,181 | INFO | trading_system.engine.position_manager | Position manager reset for trading day 2026-03-06
2026-03-07 00:44:37,232 | INFO | trading_system.paper_trading.paper_trader | Paper trading heartbeat | symbol=^NSEI | new_trades=0 | total_profit=-109.80
2026-03-07 00:45:37,511 | INFO | trading_system.engine.position_manager | Position manager reset for trading day 2026-02-27
2026-03-07 00:45:37,600 | INFO | trading_system.engine.position_manager | Position manager reset for trading day 2026-03-04
2026-03-07 00:45:37,637 | INFO | trading_system.engine.position_manager | Position manager reset for trading day 2026-03-05
2026-03-07 00:45:37,679 | INFO | trading_system.engine.position_manager | Position manager reset for trading day 2026-03-06
2026-03-07 00:45:37,754 | INFO | trading_system.paper_trading.paper_trader | Paper trading heartbeat | symbol=^NSEI | new_trades=0 | total_profit=-109.80
2026-03-07 00:46:38,001 | INFO | trading_system.engine.position_manager | Position manager reset for trading day 2026-02-27
2026-03-07 00:46:38,082 | INFO | trading_system.engine.position_manager | Position manager reset for trading day 2026-03-04
2026-03-07 00:46:38,128 | INFO | trading_system.engine.position_manager | Position manager reset for trading day 2026-03-05
2026-03-07 00:46:38,179 | INFO | trading_system.engine.position_manager | Position manager reset for trading day 2026-03-06
2026-03-07 00:46:38,267 | INFO | trading_system.paper_trading.paper_trader | Paper trading heartbeat | symbol=^NSEI | new_trades=0 | total_profit=-109.80
2026-03-07 00:47:38,529 | INFO | trading_system.engine.position_manager | Position manager reset for trading day 2026-02-27
2026-03-07 00:47:38,596 | INFO | trading_system.engine.position_manager | Position manager reset for trading day 2026-03-04
2026-03-07 00:47:38,637 | INFO | trading_system.engine.position_manager | Position manager reset for trading day 2026-03-05
2026-03-07 00:47:38,681 | INFO | trading_system.engine.position_manager | Position manager reset for trading day 2026-03-06
2026-03-07 00:47:38,771 | INFO | trading_system.paper_trading.paper_trader | Paper trading heartbeat | symbol=^NSEI | new_trades=0 | total_profit=-109.80
2026-03-07 00:48:39,389 | INFO | trading_system.engine.position_manager | Position manager reset for trading day 2026-02-27
2026-03-07 00:48:39,476 | INFO | trading_system.engine.position_manager | Position manager reset for trading day 2026-03-04
2026-03-07 00:48:39,524 | INFO | trading_system.engine.position_manager | Position manager reset for trading day 2026-03-05
2026-03-07 00:48:39,573 | INFO | trading_system.engine.position_manager | Position manager reset for trading day 2026-03-06
2026-03-07 00:48:39,671 | INFO | trading_system.paper_trading.paper_trader | Paper trading heartbeat | symbol=^NSEI | new_trades=0 | total_profit=-109.80
2026-03-07 00:49:40,035 | INFO | trading_system.engine.position_manager | Position manager reset for trading day 2026-02-27
2026-03-07 00:49:40,129 | INFO | trading_system.engine.position_manager | Position manager reset for trading day 2026-03-04
2026-03-07 00:49:40,168 | INFO | trading_system.engine.position_manager | Position manager reset for trading day 2026-03-05
2026-03-07 00:49:40,211 | INFO | trading_system.engine.position_manager | Position manager reset for trading day 2026-03-06
2026-03-07 00:49:40,287 | INFO | trading_system.paper_trading.paper_trader | Paper trading heartbeat | symbol=^NSEI | new_trades=0 | total_profit=-109.80
2026-03-07 00:50:40,523 | INFO | trading_system.engine.position_manager | Position manager reset for trading day 2026-02-27
2026-03-07 00:50:40,611 | INFO | trading_system.engine.position_manager | Position manager reset for trading day 2026-03-04
2026-03-07 00:50:40,659 | INFO | trading_system.engine.position_manager | Position manager reset for trading day 2026-03-05
2026-03-07 00:50:40,703 | INFO | trading_system.engine.position_manager | Position manager reset for trading day 2026-03-06
2026-03-07 00:50:40,776 | INFO | trading_system.paper_trading.paper_trader | Paper trading heartbeat | symbol=^NSEI | new_trades=0 | total_profit=-109.80
2026-03-07 00:51:41,043 | INFO | trading_system.engine.position_manager | Position manager reset for trading day 2026-02-27
2026-03-07 00:51:41,135 | INFO | trading_system.engine.position_manager | Position manager reset for trading day 2026-03-04
2026-03-07 00:51:41,177 | INFO | trading_system.engine.position_manager | Position manager reset for trading day 2026-03-05
2026-03-07 00:51:41,226 | INFO | trading_system.engine.position_manager | Position manager reset for trading day 2026-03-06
2026-03-07 00:51:41,311 | INFO | trading_system.paper_trading.paper_trader | Paper trading heartbeat | symbol=^NSEI | new_trades=0 | total_profit=-109.80
2026-03-07 00:52:41,630 | INFO | trading_system.engine.position_manager | Position manager reset for trading day 2026-02-27
2026-03-07 00:52:41,713 | INFO | trading_system.engine.position_manager | Position manager reset for trading day 2026-03-04
2026-03-07 00:52:41,758 | INFO | trading_system.engine.position_manager | Position manager reset for trading day 2026-03-05
2026-03-07 00:52:41,799 | INFO | trading_system.engine.position_manager | Position manager reset for trading day 2026-03-06
2026-03-07 00:52:41,876 | INFO | trading_system.paper_trading.paper_trader | Paper trading heartbeat | symbol=^NSEI | new_trades=0 | total_profit=-109.80
2026-03-07 00:53:42,323 | INFO | trading_system.engine.position_manager | Position manager reset for trading day 2026-02-27
2026-03-07 00:53:42,412 | INFO | trading_system.engine.position_manager | Position manager reset for trading day 2026-03-04
2026-03-07 00:53:42,451 | INFO | trading_system.engine.position_manager | Position manager reset for trading day 2026-03-05
2026-03-07 00:53:42,494 | INFO | trading_system.engine.position_manager | Position manager reset for trading day 2026-03-06
2026-03-07 00:53:42,601 | INFO | trading_system.paper_trading.paper_trader | Paper trading heartbeat | symbol=^NSEI | new_trades=0 | total_profit=-109.80
2026-03-07 00:54:42,925 | INFO | trading_system.engine.position_manager | Position manager reset for trading day 2026-02-27
2026-03-07 00:54:42,969 | INFO | trading_system.engine.position_manager | Position manager reset for trading day 2026-03-04
2026-03-07 00:54:43,018 | INFO | trading_system.engine.position_manager | Position manager reset for trading day 2026-03-05
2026-03-07 00:54:43,063 | INFO | trading_system.engine.position_manager | Position manager reset for trading day 2026-03-06
2026-03-07 00:54:43,157 | INFO | trading_system.paper_trading.paper_trader | Paper trading heartbeat | symbol=^NSEI | new_trades=0 | total_profit=-109.80
2026-03-07 00:55:43,435 | INFO | trading_system.engine.position_manager | Position manager reset for trading day 2026-02-27
2026-03-07 00:55:43,464 | INFO | trading_system.engine.position_manager | Position manager reset for trading day 2026-03-04
2026-03-07 00:55:43,497 | INFO | trading_system.engine.position_manager | Position manager reset for trading day 2026-03-05
2026-03-07 00:55:43,548 | INFO | trading_system.engine.position_manager | Position manager reset for trading day 2026-03-06
2026-03-07 00:55:43,659 | INFO | trading_system.paper_trading.paper_trader | Paper trading heartbeat | symbol=^NSEI | new_trades=0 | total_profit=-109.80
2026-03-07 00:56:43,925 | INFO | trading_system.engine.position_manager | Position manager reset for trading day 2026-02-27
2026-03-07 00:56:43,975 | INFO | trading_system.engine.position_manager | Position manager reset for trading day 2026-03-04
2026-03-07 00:56:44,024 | INFO | trading_system.engine.position_manager | Position manager reset for trading day 2026-03-05
2026-03-07 00:56:44,072 | INFO | trading_system.engine.position_manager | Position manager reset for trading day 2026-03-06
2026-03-07 00:56:44,161 | INFO | trading_system.paper_trading.paper_trader | Paper trading heartbeat | symbol=^NSEI | new_trades=0 | total_profit=-109.80
2026-03-07 00:57:44,446 | INFO | trading_system.engine.position_manager | Position manager reset for trading day 2026-02-27
2026-03-07 00:57:44,505 | INFO | trading_system.engine.position_manager | Position manager reset for trading day 2026-03-04
2026-03-07 00:57:44,546 | INFO | trading_system.engine.position_manager | Position manager reset for trading day 2026-03-05
2026-03-07 00:57:44,584 | INFO | trading_system.engine.position_manager | Position manager reset for trading day 2026-03-06
2026-03-07 00:57:44,683 | INFO | trading_system.paper_trading.paper_trader | Paper trading heartbeat | symbol=^NSEI | new_trades=0 | total_profit=-109.80
2026-03-07 00:58:44,952 | INFO | trading_system.engine.position_manager | Position manager reset for trading day 2026-02-27
2026-03-07 00:58:45,036 | INFO | trading_system.engine.position_manager | Position manager reset for trading day 2026-03-04
2026-03-07 00:58:45,074 | INFO | trading_system.engine.position_manager | Position manager reset for trading day 2026-03-05
2026-03-07 00:58:45,118 | INFO | trading_system.engine.position_manager | Position manager reset for trading day 2026-03-06
2026-03-07 00:58:45,195 | INFO | trading_system.paper_trading.paper_trader | Paper trading heartbeat | symbol=^NSEI | new_trades=0 | total_profit=-109.80
2026-03-07 00:59:45,477 | INFO | trading_system.engine.position_manager | Position manager reset for trading day 2026-02-27
2026-03-07 00:59:45,558 | INFO | trading_system.engine.position_manager | Position manager reset for trading day 2026-03-04
2026-03-07 00:59:45,599 | INFO | trading_system.engine.position_manager | Position manager reset for trading day 2026-03-05
2026-03-07 00:59:45,646 | INFO | trading_system.engine.position_manager | Position manager reset for trading day 2026-03-06
2026-03-07 00:59:45,732 | INFO | trading_system.paper_trading.paper_trader | Paper trading heartbeat | symbol=^NSEI | new_trades=0 | total_profit=-109.80
2026-03-07 01:00:45,996 | INFO | trading_system.engine.position_manager | Position manager reset for trading day 2026-02-27
2026-03-07 01:00:46,086 | INFO | trading_system.engine.position_manager | Position manager reset for trading day 2026-03-04
2026-03-07 01:00:46,131 | INFO | trading_system.engine.position_manager | Position manager reset for trading day 2026-03-05
2026-03-07 01:00:46,176 | INFO | trading_system.engine.position_manager | Position manager reset for trading day 2026-03-06
2026-03-07 01:00:46,269 | INFO | trading_system.paper_trading.paper_trader | Paper trading heartbeat | symbol=^NSEI | new_trades=0 | total_profit=-109.80
2026-03-07 01:01:46,615 | INFO | trading_system.engine.position_manager | Position manager reset for trading day 2026-02-27
2026-03-07 01:01:46,696 | INFO | trading_system.engine.position_manager | Position manager reset for trading day 2026-03-04
2026-03-07 01:01:46,736 | INFO | trading_system.engine.position_manager | Position manager reset for trading day 2026-03-05
2026-03-07 01:01:46,780 | INFO | trading_system.engine.position_manager | Position manager reset for trading day 2026-03-06
2026-03-07 01:01:46,867 | INFO | trading_system.paper_trading.paper_trader | Paper trading heartbeat | symbol=^NSEI | new_trades=0 | total_profit=-109.80
2026-03-07 01:02:47,287 | INFO | trading_system.engine.position_manager | Position manager reset for trading day 2026-02-27
2026-03-07 01:02:47,372 | INFO | trading_system.engine.position_manager | Position manager reset for trading day 2026-03-04
2026-03-07 01:02:47,416 | INFO | trading_system.engine.position_manager | Position manager reset for trading day 2026-03-05
2026-03-07 01:02:47,457 | INFO | trading_system.engine.position_manager | Position manager reset for trading day 2026-03-06
2026-03-07 01:02:47,555 | INFO | trading_system.paper_trading.paper_trader | Paper trading heartbeat | symbol=^NSEI | new_trades=0 | total_profit=-109.80
2026-03-07 01:03:47,948 | INFO | trading_system.engine.position_manager | Position manager reset for trading day 2026-02-27
2026-03-07 01:03:47,978 | INFO | trading_system.engine.position_manager | Position manager reset for trading day 2026-03-04
2026-03-07 01:03:48,018 | INFO | trading_system.engine.position_manager | Position manager reset for trading day 2026-03-05
2026-03-07 01:03:48,064 | INFO | trading_system.engine.position_manager | Position manager reset for trading day 2026-03-06
2026-03-07 01:03:48,131 | INFO | trading_system.paper_trading.paper_trader | Paper trading heartbeat | symbol=^NSEI | new_trades=0 | total_profit=-109.80
2026-03-07 01:04:48,418 | INFO | trading_system.engine.position_manager | Position manager reset for trading day 2026-02-27
2026-03-07 01:04:48,451 | INFO | trading_system.engine.position_manager | Position manager reset for trading day 2026-03-04
2026-03-07 01:04:48,501 | INFO | trading_system.engine.position_manager | Position manager reset for trading day 2026-03-05
2026-03-07 01:04:48,540 | INFO | trading_system.engine.position_manager | Position manager reset for trading day 2026-03-06
2026-03-07 01:04:48,639 | INFO | trading_system.paper_trading.paper_trader | Paper trading heartbeat | symbol=^NSEI | new_trades=0 | total_profit=-109.80
2026-03-07 01:05:48,876 | INFO | trading_system.engine.position_manager | Position manager reset for trading day 2026-02-27
2026-03-07 01:05:48,958 | INFO | trading_system.engine.position_manager | Position manager reset for trading day 2026-03-04
2026-03-07 01:05:49,002 | INFO | trading_system.engine.position_manager | Position manager reset for trading day 2026-03-05
2026-03-07 01:05:49,045 | INFO | trading_system.engine.position_manager | Position manager reset for trading day 2026-03-06
2026-03-07 01:05:49,121 | INFO | trading_system.paper_trading.paper_trader | Paper trading heartbeat | symbol=^NSEI | new_trades=0 | total_profit=-109.80
2026-03-07 01:06:49,559 | INFO | trading_system.engine.position_manager | Position manager reset for trading day 2026-02-27
2026-03-07 01:06:49,650 | INFO | trading_system.engine.position_manager | Position manager reset for trading day 2026-03-04
2026-03-07 01:06:49,692 | INFO | trading_system.engine.position_manager | Position manager reset for trading day 2026-03-05
2026-03-07 01:06:49,731 | INFO | trading_system.engine.position_manager | Position manager reset for trading day 2026-03-06
2026-03-07 01:06:49,815 | INFO | trading_system.paper_trading.paper_trader | Paper trading heartbeat | symbol=^NSEI | new_trades=0 | total_profit=-109.80
2026-03-07 01:07:50,069 | INFO | trading_system.engine.position_manager | Position manager reset for trading day 2026-02-27
2026-03-07 01:07:50,147 | INFO | trading_system.engine.position_manager | Position manager reset for trading day 2026-03-04
2026-03-07 01:07:50,184 | INFO | trading_system.engine.position_manager | Position manager reset for trading day 2026-03-05
2026-03-07 01:07:50,220 | INFO | trading_system.engine.position_manager | Position manager reset for trading day 2026-03-06
2026-03-07 01:07:50,315 | INFO | trading_system.paper_trading.paper_trader | Paper trading heartbeat | symbol=^NSEI | new_trades=0 | total_profit=-109.80
2026-03-07 01:08:50,575 | INFO | trading_system.engine.position_manager | Position manager reset for trading day 2026-02-27
2026-03-07 01:08:50,632 | INFO | trading_system.engine.position_manager | Position manager reset for trading day 2026-03-04
2026-03-07 01:08:50,678 | INFO | trading_system.engine.position_manager | Position manager reset for trading day 2026-03-05
2026-03-07 01:08:50,716 | INFO | trading_system.engine.position_manager | Position manager reset for trading day 2026-03-06
2026-03-07 01:08:50,791 | INFO | trading_system.paper_trading.paper_trader | Paper trading heartbeat | symbol=^NSEI | new_trades=0 | total_profit=-109.80
2026-03-07 01:09:51,073 | INFO | trading_system.engine.position_manager | Position manager reset for trading day 2026-02-27
2026-03-07 01:09:51,165 | INFO | trading_system.engine.position_manager | Position manager reset for trading day 2026-03-04
2026-03-07 01:09:51,213 | INFO | trading_system.engine.position_manager | Position manager reset for trading day 2026-03-05
2026-03-07 01:09:51,254 | INFO | trading_system.engine.position_manager | Position manager reset for trading day 2026-03-06
2026-03-07 01:09:51,344 | INFO | trading_system.paper_trading.paper_trader | Paper trading heartbeat | symbol=^NSEI | new_trades=0 | total_profit=-109.80
2026-03-07 01:10:51,615 | INFO | trading_system.engine.position_manager | Position manager reset for trading day 2026-02-27
2026-03-07 01:10:51,694 | INFO | trading_system.engine.position_manager | Position manager reset for trading day 2026-03-04
2026-03-07 01:10:51,739 | INFO | trading_system.engine.position_manager | Position manager reset for trading day 2026-03-05
2026-03-07 01:10:51,783 | INFO | trading_system.engine.position_manager | Position manager reset for trading day 2026-03-06
2026-03-07 01:10:51,874 | INFO | trading_system.paper_trading.paper_trader | Paper trading heartbeat | symbol=^NSEI | new_trades=0 | total_profit=-109.80
2026-03-07 01:11:52,240 | INFO | trading_system.engine.position_manager | Position manager reset for trading day 2026-02-27
2026-03-07 01:11:52,323 | INFO | trading_system.engine.position_manager | Position manager reset for trading day 2026-03-04
2026-03-07 01:11:52,367 | INFO | trading_system.engine.position_manager | Position manager reset for trading day 2026-03-05
2026-03-07 01:11:52,408 | INFO | trading_system.engine.position_manager | Position manager reset for trading day 2026-03-06
2026-03-07 01:11:52,478 | INFO | trading_system.paper_trading.paper_trader | Paper trading heartbeat | symbol=^NSEI | new_trades=0 | total_profit=-109.80
2026-03-07 01:12:52,923 | INFO | trading_system.engine.position_manager | Position manager reset for trading day 2026-02-27
2026-03-07 01:12:52,995 | INFO | trading_system.engine.position_manager | Position manager reset for trading day 2026-03-04
2026-03-07 01:12:53,034 | INFO | trading_system.engine.position_manager | Position manager reset for trading day 2026-03-05
2026-03-07 01:12:53,079 | INFO | trading_system.engine.position_manager | Position manager reset for trading day 2026-03-06
2026-03-07 01:12:53,151 | INFO | trading_system.paper_trading.paper_trader | Paper trading heartbeat | symbol=^NSEI | new_trades=0 | total_profit=-109.80
2026-03-07 01:13:53,481 | INFO | trading_system.engine.position_manager | Position manager reset for trading day 2026-02-27
2026-03-07 01:13:53,575 | INFO | trading_system.engine.position_manager | Position manager reset for trading day 2026-03-04
2026-03-07 01:13:53,626 | INFO | trading_system.engine.position_manager | Position manager reset for trading day 2026-03-05
2026-03-07 01:13:53,691 | INFO | trading_system.engine.position_manager | Position manager reset for trading day 2026-03-06
2026-03-07 01:13:53,808 | INFO | trading_system.paper_trading.paper_trader | Paper trading heartbeat | symbol=^NSEI | new_trades=0 | total_profit=-109.80
2026-03-07 01:14:54,059 | INFO | trading_system.engine.position_manager | Position manager reset for trading day 2026-02-27
2026-03-07 01:14:54,135 | INFO | trading_system.engine.position_manager | Position manager reset for trading day 2026-03-04
2026-03-07 01:14:54,176 | INFO | trading_system.engine.position_manager | Position manager reset for trading day 2026-03-05
2026-03-07 01:14:54,212 | INFO | trading_system.engine.position_manager | Position manager reset for trading day 2026-03-06
2026-03-07 01:14:54,287 | INFO | trading_system.paper_trading.paper_trader | Paper trading heartbeat | symbol=^NSEI | new_trades=0 | total_profit=-109.80
2026-03-07 01:15:54,585 | INFO | trading_system.engine.position_manager | Position manager reset for trading day 2026-02-27
2026-03-07 01:15:54,670 | INFO | trading_system.engine.position_manager | Position manager reset for trading day 2026-03-04
2026-03-07 01:15:54,713 | INFO | trading_system.engine.position_manager | Position manager reset for trading day 2026-03-05
2026-03-07 01:15:54,751 | INFO | trading_system.engine.position_manager | Position manager reset for trading day 2026-03-06
2026-03-07 01:15:54,826 | INFO | trading_system.paper_trading.paper_trader | Paper trading heartbeat | symbol=^NSEI | new_trades=0 | total_profit=-109.80
2026-03-07 01:16:55,237 | INFO | trading_system.engine.position_manager | Position manager reset for trading day 2026-02-27
2026-03-07 01:16:55,312 | INFO | trading_system.engine.position_manager | Position manager reset for trading day 2026-03-04
2026-03-07 01:16:55,351 | INFO | trading_system.engine.position_manager | Position manager reset for trading day 2026-03-05
2026-03-07 01:16:55,391 | INFO | trading_system.engine.position_manager | Position manager reset for trading day 2026-03-06
2026-03-07 01:16:55,467 | INFO | trading_system.paper_trading.paper_trader | Paper trading heartbeat | symbol=^NSEI | new_trades=0 | total_profit=-109.80
2026-03-07 01:17:55,770 | INFO | trading_system.engine.position_manager | Position manager reset for trading day 2026-02-27
2026-03-07 01:17:55,847 | INFO | trading_system.engine.position_manager | Position manager reset for trading day 2026-03-04
2026-03-07 01:17:55,885 | INFO | trading_system.engine.position_manager | Position manager reset for trading day 2026-03-05
2026-03-07 01:17:55,927 | INFO | trading_system.engine.position_manager | Position manager reset for trading day 2026-03-06
2026-03-07 01:17:56,033 | INFO | trading_system.paper_trading.paper_trader | Paper trading heartbeat | symbol=^NSEI | new_trades=0 | total_profit=-109.80
2026-03-07 01:18:56,258 | INFO | trading_system.engine.position_manager | Position manager reset for trading day 2026-02-27
2026-03-07 01:18:56,331 | INFO | trading_system.engine.position_manager | Position manager reset for trading day 2026-03-04
2026-03-07 01:18:56,371 | INFO | trading_system.engine.position_manager | Position manager reset for trading day 2026-03-05
2026-03-07 01:18:56,414 | INFO | trading_system.engine.position_manager | Position manager reset for trading day 2026-03-06
2026-03-07 01:18:56,494 | INFO | trading_system.paper_trading.paper_trader | Paper trading heartbeat | symbol=^NSEI | new_trades=0 | total_profit=-109.80
2026-03-07 01:19:56,732 | INFO | trading_system.engine.position_manager | Position manager reset for trading day 2026-02-27
2026-03-07 01:19:56,814 | INFO | trading_system.engine.position_manager | Position manager reset for trading day 2026-03-04
2026-03-07 01:19:56,849 | INFO | trading_system.engine.position_manager | Position manager reset for trading day 2026-03-05
2026-03-07 01:19:56,886 | INFO | trading_system.engine.position_manager | Position manager reset for trading day 2026-03-06
2026-03-07 01:19:56,990 | INFO | trading_system.paper_trading.paper_trader | Paper trading heartbeat | symbol=^NSEI | new_trades=0 | total_profit=-109.80
2026-03-07 01:20:57,428 | INFO | trading_system.engine.position_manager | Position manager reset for trading day 2026-02-27
2026-03-07 01:20:57,499 | INFO | trading_system.engine.position_manager | Position manager reset for trading day 2026-03-04
2026-03-07 01:20:57,538 | INFO | trading_system.engine.position_manager | Position manager reset for trading day 2026-03-05
2026-03-07 01:20:57,575 | INFO | trading_system.engine.position_manager | Position manager reset for trading day 2026-03-06
2026-03-07 01:20:57,647 | INFO | trading_system.paper_trading.paper_trader | Paper trading heartbeat | symbol=^NSEI | new_trades=0 | total_profit=-109.80
2026-03-07 01:21:58,045 | INFO | trading_system.engine.position_manager | Position manager reset for trading day 2026-02-27
2026-03-07 01:21:58,130 | INFO | trading_system.engine.position_manager | Position manager reset for trading day 2026-03-04
2026-03-07 01:21:58,165 | INFO | trading_system.engine.position_manager | Position manager reset for trading day 2026-03-05
2026-03-07 01:21:58,211 | INFO | trading_system.engine.position_manager | Position manager reset for trading day 2026-03-06
2026-03-07 01:21:58,280 | INFO | trading_system.paper_trading.paper_trader | Paper trading heartbeat | symbol=^NSEI | new_trades=0 | total_profit=-109.80
2026-03-07 01:22:58,446 | WARNING | trading_system.data.yfinance_loader | No data returned for ^NSEI
2026-03-07 01:22:58,447 | ERROR | trading_system.paper_trading.paper_trader | Paper trader iteration failed for ^NSEI
Traceback (most recent call last):
  File "C:\Users\karan\OneDrive\Desktop\New folder\trading_system\paper_trading\paper_trader.py", line 107, in run_forever
    _, new_trades_df, summary = self.run_once()
                                ~~~~~~~~~~~~~^^
  File "C:\Users\karan\OneDrive\Desktop\New folder\trading_system\paper_trading\paper_trader.py", line 61, in run_once
    latest_df = self.loader.fetch_latest_candles(lookback=self.lookback)
  File "C:\Users\karan\OneDrive\Desktop\New folder\trading_system\data\yfinance_loader.py", line 91, in fetch_latest_candles
    cleaned = self._normalize_dataframe(df)
  File "C:\Users\karan\OneDrive\Desktop\New folder\trading_system\data\yfinance_loader.py", line 98, in _normalize_dataframe
    raise ValueError(f"No data returned for {self.config.symbol}")
ValueError: No data returned for ^NSEI
2026-03-07 01:23:59,072 | INFO | trading_system.engine.position_manager | Position manager reset for trading day 2026-02-27
2026-03-07 01:23:59,154 | INFO | trading_system.engine.position_manager | Position manager reset for trading day 2026-03-04
2026-03-07 01:23:59,191 | INFO | trading_system.engine.position_manager | Position manager reset for trading day 2026-03-05
2026-03-07 01:23:59,228 | INFO | trading_system.engine.position_manager | Position manager reset for trading day 2026-03-06
2026-03-07 01:23:59,295 | INFO | trading_system.paper_trading.paper_trader | Paper trading heartbeat | symbol=^NSEI | new_trades=0 | total_profit=-109.80
2026-03-07 01:24:59,613 | INFO | trading_system.engine.position_manager | Position manager reset for trading day 2026-02-27
2026-03-07 01:24:59,693 | INFO | trading_system.engine.position_manager | Position manager reset for trading day 2026-03-04
2026-03-07 01:24:59,733 | INFO | trading_system.engine.position_manager | Position manager reset for trading day 2026-03-05
2026-03-07 01:24:59,772 | INFO | trading_system.engine.position_manager | Position manager reset for trading day 2026-03-06
2026-03-07 01:24:59,846 | INFO | trading_system.paper_trading.paper_trader | Paper trading heartbeat | symbol=^NSEI | new_trades=0 | total_profit=-109.80
2026-03-07 01:26:00,247 | INFO | trading_system.engine.position_manager | Position manager reset for trading day 2026-02-27
2026-03-07 01:26:00,341 | INFO | trading_system.engine.position_manager | Position manager reset for trading day 2026-03-04
2026-03-07 01:26:00,381 | INFO | trading_system.engine.position_manager | Position manager reset for trading day 2026-03-05
2026-03-07 01:26:00,417 | INFO | trading_system.engine.position_manager | Position manager reset for trading day 2026-03-06
2026-03-07 01:26:00,512 | INFO | trading_system.paper_trading.paper_trader | Paper trading heartbeat | symbol=^NSEI | new_trades=0 | total_profit=-109.80
2026-03-07 01:27:00,940 | INFO | trading_system.engine.position_manager | Position manager reset for trading day 2026-02-27
2026-03-07 01:27:01,023 | INFO | trading_system.engine.position_manager | Position manager reset for trading day 2026-03-04
2026-03-07 01:27:01,069 | INFO | trading_system.engine.position_manager | Position manager reset for trading day 2026-03-05
2026-03-07 01:27:01,113 | INFO | trading_system.engine.position_manager | Position manager reset for trading day 2026-03-06
2026-03-07 01:27:01,189 | INFO | trading_system.paper_trading.paper_trader | Paper trading heartbeat | symbol=^NSEI | new_trades=0 | total_profit=-109.80
2026-03-07 01:28:01,581 | INFO | trading_system.engine.position_manager | Position manager reset for trading day 2026-02-27
2026-03-07 01:28:01,676 | INFO | trading_system.engine.position_manager | Position manager reset for trading day 2026-03-04
2026-03-07 01:28:01,721 | INFO | trading_system.engine.position_manager | Position manager reset for trading day 2026-03-05
2026-03-07 01:28:01,746 | INFO | trading_system.engine.position_manager | Position manager reset for trading day 2026-03-06
2026-03-07 01:28:01,834 | INFO | trading_system.paper_trading.paper_trader | Paper trading heartbeat | symbol=^NSEI | new_trades=0 | total_profit=-109.80
2026-03-07 01:29:02,087 | INFO | trading_system.engine.position_manager | Position manager reset for trading day 2026-02-27
2026-03-07 01:29:02,164 | INFO | trading_system.engine.position_manager | Position manager reset for trading day 2026-03-04
2026-03-07 01:29:02,207 | INFO | trading_system.engine.position_manager | Position manager reset for trading day 2026-03-05
2026-03-07 01:29:02,247 | INFO | trading_system.engine.position_manager | Position manager reset for trading day 2026-03-06
2026-03-07 01:29:02,335 | INFO | trading_system.paper_trading.paper_trader | Paper trading heartbeat | symbol=^NSEI | new_trades=0 | total_profit=-109.80
2026-03-07 01:30:02,754 | INFO | trading_system.engine.position_manager | Position manager reset for trading day 2026-02-27
2026-03-07 01:30:02,831 | INFO | trading_system.engine.position_manager | Position manager reset for trading day 2026-03-04
2026-03-07 01:30:02,869 | INFO | trading_system.engine.position_manager | Position manager reset for trading day 2026-03-05
2026-03-07 01:30:02,904 | INFO | trading_system.engine.position_manager | Position manager reset for trading day 2026-03-06
2026-03-07 01:30:02,984 | INFO | trading_system.paper_trading.paper_trader | Paper trading heartbeat | symbol=^NSEI | new_trades=0 | total_profit=-109.80
2026-03-07 01:31:03,229 | INFO | trading_system.engine.position_manager | Position manager reset for trading day 2026-02-27
2026-03-07 01:31:03,306 | INFO | trading_system.engine.position_manager | Position manager reset for trading day 2026-03-04
2026-03-07 01:31:03,348 | INFO | trading_system.engine.position_manager | Position manager reset for trading day 2026-03-05
2026-03-07 01:31:03,385 | INFO | trading_system.engine.position_manager | Position manager reset for trading day 2026-03-06
2026-03-07 01:31:03,463 | INFO | trading_system.paper_trading.paper_trader | Paper trading heartbeat | symbol=^NSEI | new_trades=0 | total_profit=-109.80
2026-03-07 01:32:03,812 | INFO | trading_system.engine.position_manager | Position manager reset for trading day 2026-02-27
2026-03-07 01:32:03,899 | INFO | trading_system.engine.position_manager | Position manager reset for trading day 2026-03-04
2026-03-07 01:32:03,943 | INFO | trading_system.engine.position_manager | Position manager reset for trading day 2026-03-05
2026-03-07 01:32:03,983 | INFO | trading_system.engine.position_manager | Position manager reset for trading day 2026-03-06
2026-03-07 01:32:04,076 | INFO | trading_system.paper_trading.paper_trader | Paper trading heartbeat | symbol=^NSEI | new_trades=0 | total_profit=-109.80
2026-03-07 01:33:04,364 | INFO | trading_system.engine.position_manager | Position manager reset for trading day 2026-02-27
2026-03-07 01:33:04,444 | INFO | trading_system.engine.position_manager | Position manager reset for trading day 2026-03-04
2026-03-07 01:33:04,483 | INFO | trading_system.engine.position_manager | Position manager reset for trading day 2026-03-05
2026-03-07 01:33:04,520 | INFO | trading_system.engine.position_manager | Position manager reset for trading day 2026-03-06
2026-03-07 01:33:04,598 | INFO | trading_system.paper_trading.paper_trader | Paper trading heartbeat | symbol=^NSEI | new_trades=0 | total_profit=-109.80
2026-03-07 01:34:04,845 | INFO | trading_system.engine.position_manager | Position manager reset for trading day 2026-02-27
2026-03-07 01:34:04,929 | INFO | trading_system.engine.position_manager | Position manager reset for trading day 2026-03-04
2026-03-07 01:34:04,976 | INFO | trading_system.engine.position_manager | Position manager reset for trading day 2026-03-05
2026-03-07 01:34:05,029 | INFO | trading_system.engine.position_manager | Position manager reset for trading day 2026-03-06
2026-03-07 01:34:05,112 | INFO | trading_system.paper_trading.paper_trader | Paper trading heartbeat | symbol=^NSEI | new_trades=0 | total_profit=-109.80
2026-03-07 01:35:05,390 | INFO | trading_system.engine.position_manager | Position manager reset for trading day 2026-02-27
2026-03-07 01:35:05,450 | INFO | trading_system.engine.position_manager | Position manager reset for trading day 2026-03-04
2026-03-07 01:35:05,492 | INFO | trading_system.engine.position_manager | Position manager reset for trading day 2026-03-05
2026-03-07 01:35:05,532 | INFO | trading_system.engine.position_manager | Position manager reset for trading day 2026-03-06
2026-03-07 01:35:05,615 | INFO | trading_system.paper_trading.paper_trader | Paper trading heartbeat | symbol=^NSEI | new_trades=0 | total_profit=-109.80
2026-03-07 01:36:05,900 | INFO | trading_system.engine.position_manager | Position manager reset for trading day 2026-02-27
2026-03-07 01:36:05,974 | INFO | trading_system.engine.position_manager | Position manager reset for trading day 2026-03-04
2026-03-07 01:36:06,014 | INFO | trading_system.engine.position_manager | Position manager reset for trading day 2026-03-05
2026-03-07 01:36:06,049 | INFO | trading_system.engine.position_manager | Position manager reset for trading day 2026-03-06
2026-03-07 01:36:06,130 | INFO | trading_system.paper_trading.paper_trader | Paper trading heartbeat | symbol=^NSEI | new_trades=0 | total_profit=-109.80
2026-03-07 01:37:06,427 | INFO | trading_system.engine.position_manager | Position manager reset for trading day 2026-02-27
2026-03-07 01:37:06,508 | INFO | trading_system.engine.position_manager | Position manager reset for trading day 2026-03-04
2026-03-07 01:37:06,548 | INFO | trading_system.engine.position_manager | Position manager reset for trading day 2026-03-05
2026-03-07 01:37:06,583 | INFO | trading_system.engine.position_manager | Position manager reset for trading day 2026-03-06
2026-03-07 01:37:06,674 | INFO | trading_system.paper_trading.paper_trader | Paper trading heartbeat | symbol=^NSEI | new_trades=0 | total_profit=-109.80
2026-03-07 01:38:06,955 | INFO | trading_system.engine.position_manager | Position manager reset for trading day 2026-02-27
2026-03-07 01:38:07,036 | INFO | trading_system.engine.position_manager | Position manager reset for trading day 2026-03-04
2026-03-07 01:38:07,079 | INFO | trading_system.engine.position_manager | Position manager reset for trading day 2026-03-05
2026-03-07 01:38:07,121 | INFO | trading_system.engine.position_manager | Position manager reset for trading day 2026-03-06
2026-03-07 01:38:07,188 | INFO | trading_system.paper_trading.paper_trader | Paper trading heartbeat | symbol=^NSEI | new_trades=0 | total_profit=-109.80
2026-03-07 01:39:07,685 | INFO | trading_system.engine.position_manager | Position manager reset for trading day 2026-02-27
2026-03-07 01:39:07,805 | INFO | trading_system.engine.position_manager | Position manager reset for trading day 2026-03-04
2026-03-07 01:39:07,843 | INFO | trading_system.engine.position_manager | Position manager reset for trading day 2026-03-05
2026-03-07 01:39:07,887 | INFO | trading_system.engine.position_manager | Position manager reset for trading day 2026-03-06
2026-03-07 01:39:07,981 | INFO | trading_system.paper_trading.paper_trader | Paper trading heartbeat | symbol=^NSEI | new_trades=0 | total_profit=-109.80
2026-03-07 01:40:08,277 | INFO | trading_system.engine.position_manager | Position manager reset for trading day 2026-02-27
2026-03-07 01:40:08,346 | INFO | trading_system.engine.position_manager | Position manager reset for trading day 2026-03-04
2026-03-07 01:40:08,387 | INFO | trading_system.engine.position_manager | Position manager reset for trading day 2026-03-05
2026-03-07 01:40:08,428 | INFO | trading_system.engine.position_manager | Position manager reset for trading day 2026-03-06
2026-03-07 01:40:08,506 | INFO | trading_system.paper_trading.paper_trader | Paper trading heartbeat | symbol=^NSEI | new_trades=0 | total_profit=-109.80
2026-03-07 01:41:08,741 | INFO | trading_system.engine.position_manager | Position manager reset for trading day 2026-02-27
2026-03-07 01:41:08,819 | INFO | trading_system.engine.position_manager | Position manager reset for trading day 2026-03-04
2026-03-07 01:41:08,862 | INFO | trading_system.engine.position_manager | Position manager reset for trading day 2026-03-05
2026-03-07 01:41:08,903 | INFO | trading_system.engine.position_manager | Position manager reset for trading day 2026-03-06
2026-03-07 01:41:08,974 | INFO | trading_system.paper_trading.paper_trader | Paper trading heartbeat | symbol=^NSEI | new_trades=0 | total_profit=-109.80
2026-03-07 01:42:09,210 | INFO | trading_system.engine.position_manager | Position manager reset for trading day 2026-02-27
2026-03-07 01:42:09,294 | INFO | trading_system.engine.position_manager | Position manager reset for trading day 2026-03-04
2026-03-07 01:42:09,334 | INFO | trading_system.engine.position_manager | Position manager reset for trading day 2026-03-05
2026-03-07 01:42:09,368 | INFO | trading_system.engine.position_manager | Position manager reset for trading day 2026-03-06
2026-03-07 01:42:09,443 | INFO | trading_system.paper_trading.paper_trader | Paper trading heartbeat | symbol=^NSEI | new_trades=0 | total_profit=-109.80
2026-03-07 01:43:09,799 | INFO | trading_system.engine.position_manager | Position manager reset for trading day 2026-02-27
2026-03-07 01:43:09,885 | INFO | trading_system.engine.position_manager | Position manager reset for trading day 2026-03-04
2026-03-07 01:43:09,922 | INFO | trading_system.engine.position_manager | Position manager reset for trading day 2026-03-05
2026-03-07 01:43:09,967 | INFO | trading_system.engine.position_manager | Position manager reset for trading day 2026-03-06
2026-03-07 01:43:10,039 | INFO | trading_system.paper_trading.paper_trader | Paper trading heartbeat | symbol=^NSEI | new_trades=0 | total_profit=-109.80
2026-03-07 01:44:10,435 | INFO | trading_system.engine.position_manager | Position manager reset for trading day 2026-02-27
2026-03-07 01:44:10,509 | INFO | trading_system.engine.position_manager | Position manager reset for trading day 2026-03-04
2026-03-07 01:44:10,552 | INFO | trading_system.engine.position_manager | Position manager reset for trading day 2026-03-05
2026-03-07 01:44:10,594 | INFO | trading_system.engine.position_manager | Position manager reset for trading day 2026-03-06
2026-03-07 01:44:10,663 | INFO | trading_system.paper_trading.paper_trader | Paper trading heartbeat | symbol=^NSEI | new_trades=0 | total_profit=-109.80
2026-03-07 01:45:10,930 | INFO | trading_system.engine.position_manager | Position manager reset for trading day 2026-02-27
2026-03-07 01:45:11,012 | INFO | trading_system.engine.position_manager | Position manager reset for trading day 2026-03-04
2026-03-07 01:45:11,060 | INFO | trading_system.engine.position_manager | Position manager reset for trading day 2026-03-05
2026-03-07 01:45:11,098 | INFO | trading_system.engine.position_manager | Position manager reset for trading day 2026-03-06
2026-03-07 01:45:11,168 | INFO | trading_system.paper_trading.paper_trader | Paper trading heartbeat | symbol=^NSEI | new_trades=0 | total_profit=-109.80
2026-03-07 01:46:11,453 | INFO | trading_system.engine.position_manager | Position manager reset for trading day 2026-02-27
2026-03-07 01:46:11,544 | INFO | trading_system.engine.position_manager | Position manager reset for trading day 2026-03-04
2026-03-07 01:46:11,585 | INFO | trading_system.engine.position_manager | Position manager reset for trading day 2026-03-05
2026-03-07 01:46:11,621 | INFO | trading_system.engine.position_manager | Position manager reset for trading day 2026-03-06
2026-03-07 01:46:11,682 | INFO | trading_system.paper_trading.paper_trader | Paper trading heartbeat | symbol=^NSEI | new_trades=0 | total_profit=-109.80
2026-03-07 01:47:12,037 | INFO | trading_system.engine.position_manager | Position manager reset for trading day 2026-02-27
2026-03-07 01:47:12,096 | INFO | trading_system.engine.position_manager | Position manager reset for trading day 2026-03-04
2026-03-07 01:47:12,137 | INFO | trading_system.engine.position_manager | Position manager reset for trading day 2026-03-05
2026-03-07 01:47:12,173 | INFO | trading_system.engine.position_manager | Position manager reset for trading day 2026-03-06
2026-03-07 01:47:12,245 | INFO | trading_system.paper_trading.paper_trader | Paper trading heartbeat | symbol=^NSEI | new_trades=0 | total_profit=-109.80
2026-03-07 01:48:12,512 | INFO | trading_system.engine.position_manager | Position manager reset for trading day 2026-02-27
2026-03-07 01:48:12,589 | INFO | trading_system.engine.position_manager | Position manager reset for trading day 2026-03-04
2026-03-07 01:48:12,629 | INFO | trading_system.engine.position_manager | Position manager reset for trading day 2026-03-05
2026-03-07 01:48:12,661 | INFO | trading_system.engine.position_manager | Position manager reset for trading day 2026-03-06
2026-03-07 01:48:12,728 | INFO | trading_system.paper_trading.paper_trader | Paper trading heartbeat | symbol=^NSEI | new_trades=0 | total_profit=-109.80
2026-03-07 01:49:13,065 | INFO | trading_system.engine.position_manager | Position manager reset for trading day 2026-02-27
2026-03-07 01:49:13,147 | INFO | trading_system.engine.position_manager | Position manager reset for trading day 2026-03-04
2026-03-07 01:49:13,186 | INFO | trading_system.engine.position_manager | Position manager reset for trading day 2026-03-05
2026-03-07 01:49:13,225 | INFO | trading_system.engine.position_manager | Position manager reset for trading day 2026-03-06
2026-03-07 01:49:13,293 | INFO | trading_system.paper_trading.paper_trader | Paper trading heartbeat | symbol=^NSEI | new_trades=0 | total_profit=-109.80
2026-03-07 01:50:13,605 | INFO | trading_system.engine.position_manager | Position manager reset for trading day 2026-02-27
2026-03-07 01:50:13,688 | INFO | trading_system.engine.position_manager | Position manager reset for trading day 2026-03-04
2026-03-07 01:50:13,728 | INFO | trading_system.engine.position_manager | Position manager reset for trading day 2026-03-05
2026-03-07 01:50:13,771 | INFO | trading_system.engine.position_manager | Position manager reset for trading day 2026-03-06
2026-03-07 01:50:13,853 | INFO | trading_system.paper_trading.paper_trader | Paper trading heartbeat | symbol=^NSEI | new_trades=0 | total_profit=-109.80
2026-03-07 01:51:14,157 | INFO | trading_system.engine.position_manager | Position manager reset for trading day 2026-02-27
2026-03-07 01:51:14,213 | INFO | trading_system.engine.position_manager | Position manager reset for trading day 2026-03-04
2026-03-07 01:51:14,255 | INFO | trading_system.engine.position_manager | Position manager reset for trading day 2026-03-05
2026-03-07 01:51:14,302 | INFO | trading_system.engine.position_manager | Position manager reset for trading day 2026-03-06
2026-03-07 01:51:14,390 | INFO | trading_system.paper_trading.paper_trader | Paper trading heartbeat | symbol=^NSEI | new_trades=0 | total_profit=-109.80
2026-03-07 01:52:15,167 | INFO | trading_system.engine.position_manager | Position manager reset for trading day 2026-02-27
2026-03-07 01:52:15,204 | INFO | trading_system.engine.position_manager | Position manager reset for trading day 2026-03-04
2026-03-07 01:52:15,248 | INFO | trading_system.engine.position_manager | Position manager reset for trading day 2026-03-05
2026-03-07 01:52:15,293 | INFO | trading_system.engine.position_manager | Position manager reset for trading day 2026-03-06
2026-03-07 01:52:15,380 | INFO | trading_system.paper_trading.paper_trader | Paper trading heartbeat | symbol=^NSEI | new_trades=0 | total_profit=-109.80
2026-03-07 01:53:15,759 | INFO | trading_system.engine.position_manager | Position manager reset for trading day 2026-02-27
2026-03-07 01:53:15,841 | INFO | trading_system.engine.position_manager | Position manager reset for trading day 2026-03-04
2026-03-07 01:53:15,883 | INFO | trading_system.engine.position_manager | Position manager reset for trading day 2026-03-05
2026-03-07 01:53:15,924 | INFO | trading_system.engine.position_manager | Position manager reset for trading day 2026-03-06
2026-03-07 01:53:15,995 | INFO | trading_system.paper_trading.paper_trader | Paper trading heartbeat | symbol=^NSEI | new_trades=0 | total_profit=-109.80
2026-03-07 01:54:16,286 | INFO | trading_system.engine.position_manager | Position manager reset for trading day 2026-02-27
2026-03-07 01:54:16,368 | INFO | trading_system.engine.position_manager | Position manager reset for trading day 2026-03-04
2026-03-07 01:54:16,410 | INFO | trading_system.engine.position_manager | Position manager reset for trading day 2026-03-05
2026-03-07 01:54:16,452 | INFO | trading_system.engine.position_manager | Position manager reset for trading day 2026-03-06
2026-03-07 01:54:16,533 | INFO | trading_system.paper_trading.paper_trader | Paper trading heartbeat | symbol=^NSEI | new_trades=0 | total_profit=-109.80
2026-03-07 01:55:16,840 | INFO | trading_system.engine.position_manager | Position manager reset for trading day 2026-02-27
2026-03-07 01:55:16,917 | INFO | trading_system.engine.position_manager | Position manager reset for trading day 2026-03-04
2026-03-07 01:55:16,958 | INFO | trading_system.engine.position_manager | Position manager reset for trading day 2026-03-05
2026-03-07 01:55:16,998 | INFO | trading_system.engine.position_manager | Position manager reset for trading day 2026-03-06
2026-03-07 01:55:17,085 | INFO | trading_system.paper_trading.paper_trader | Paper trading heartbeat | symbol=^NSEI | new_trades=0 | total_profit=-109.80
2026-03-07 01:56:17,443 | INFO | trading_system.engine.position_manager | Position manager reset for trading day 2026-02-27
2026-03-07 01:56:17,516 | INFO | trading_system.engine.position_manager | Position manager reset for trading day 2026-03-04
2026-03-07 01:56:17,554 | INFO | trading_system.engine.position_manager | Position manager reset for trading day 2026-03-05
2026-03-07 01:56:17,597 | INFO | trading_system.engine.position_manager | Position manager reset for trading day 2026-03-06
2026-03-07 01:56:17,686 | INFO | trading_system.paper_trading.paper_trader | Paper trading heartbeat | symbol=^NSEI | new_trades=0 | total_profit=-109.80
2026-03-07 01:57:18,025 | INFO | trading_system.engine.position_manager | Position manager reset for trading day 2026-02-27
2026-03-07 01:57:18,105 | INFO | trading_system.engine.position_manager | Position manager reset for trading day 2026-03-04
2026-03-07 01:57:18,143 | INFO | trading_system.engine.position_manager | Position manager reset for trading day 2026-03-05
2026-03-07 01:57:18,176 | INFO | trading_system.engine.position_manager | Position manager reset for trading day 2026-03-06
2026-03-07 01:57:18,247 | INFO | trading_system.paper_trading.paper_trader | Paper trading heartbeat | symbol=^NSEI | new_trades=0 | total_profit=-109.80
2026-03-07 01:58:18,542 | INFO | trading_system.engine.position_manager | Position manager reset for trading day 2026-02-27
2026-03-07 01:58:18,620 | INFO | trading_system.engine.position_manager | Position manager reset for trading day 2026-03-04
2026-03-07 01:58:18,659 | INFO | trading_system.engine.position_manager | Position manager reset for trading day 2026-03-05
2026-03-07 01:58:18,694 | INFO | trading_system.engine.position_manager | Position manager reset for trading day 2026-03-06
2026-03-07 01:58:18,766 | INFO | trading_system.paper_trading.paper_trader | Paper trading heartbeat | symbol=^NSEI | new_trades=0 | total_profit=-109.80
2026-03-07 01:59:19,188 | INFO | trading_system.engine.position_manager | Position manager reset for trading day 2026-02-27
2026-03-07 01:59:19,271 | INFO | trading_system.engine.position_manager | Position manager reset for trading day 2026-03-04
2026-03-07 01:59:19,308 | INFO | trading_system.engine.position_manager | Position manager reset for trading day 2026-03-05
2026-03-07 01:59:19,346 | INFO | trading_system.engine.position_manager | Position manager reset for trading day 2026-03-06
2026-03-07 01:59:19,420 | INFO | trading_system.paper_trading.paper_trader | Paper trading heartbeat | symbol=^NSEI | new_trades=0 | total_profit=-109.80
2026-03-07 02:00:19,791 | INFO | trading_system.engine.position_manager | Position manager reset for trading day 2026-02-27
2026-03-07 02:00:19,848 | INFO | trading_system.engine.position_manager | Position manager reset for trading day 2026-03-04
2026-03-07 02:00:19,886 | INFO | trading_system.engine.position_manager | Position manager reset for trading day 2026-03-05
2026-03-07 02:00:19,926 | INFO | trading_system.engine.position_manager | Position manager reset for trading day 2026-03-06
2026-03-07 02:00:20,002 | INFO | trading_system.paper_trading.paper_trader | Paper trading heartbeat | symbol=^NSEI | new_trades=0 | total_profit=-109.80
2026-03-07 02:01:20,425 | INFO | trading_system.engine.position_manager | Position manager reset for trading day 2026-02-27
2026-03-07 02:01:20,488 | INFO | trading_system.engine.position_manager | Position manager reset for trading day 2026-03-04
2026-03-07 02:01:20,525 | INFO | trading_system.engine.position_manager | Position manager reset for trading day 2026-03-05
2026-03-07 02:01:20,561 | INFO | trading_system.engine.position_manager | Position manager reset for trading day 2026-03-06
2026-03-07 02:01:20,631 | INFO | trading_system.paper_trading.paper_trader | Paper trading heartbeat | symbol=^NSEI | new_trades=0 | total_profit=-109.80
2026-03-07 02:02:20,933 | INFO | trading_system.engine.position_manager | Position manager reset for trading day 2026-02-27
2026-03-07 02:02:21,014 | INFO | trading_system.engine.position_manager | Position manager reset for trading day 2026-03-04
2026-03-07 02:02:21,055 | INFO | trading_system.engine.position_manager | Position manager reset for trading day 2026-03-05
2026-03-07 02:02:21,091 | INFO | trading_system.engine.position_manager | Position manager reset for trading day 2026-03-06
2026-03-07 02:02:21,172 | INFO | trading_system.paper_trading.paper_trader | Paper trading heartbeat | symbol=^NSEI | new_trades=0 | total_profit=-109.80
2026-03-07 02:03:21,429 | INFO | trading_system.engine.position_manager | Position manager reset for trading day 2026-02-27
2026-03-07 02:03:21,500 | INFO | trading_system.engine.position_manager | Position manager reset for trading day 2026-03-04
2026-03-07 02:03:21,534 | INFO | trading_system.engine.position_manager | Position manager reset for trading day 2026-03-05
2026-03-07 02:03:21,577 | INFO | trading_system.engine.position_manager | Position manager reset for trading day 2026-03-06
2026-03-07 02:03:21,643 | INFO | trading_system.paper_trading.paper_trader | Paper trading heartbeat | symbol=^NSEI | new_trades=0 | total_profit=-109.80
2026-03-07 02:04:21,999 | INFO | trading_system.engine.position_manager | Position manager reset for trading day 2026-02-27
2026-03-07 02:04:22,081 | INFO | trading_system.engine.position_manager | Position manager reset for trading day 2026-03-04
2026-03-07 02:04:22,126 | INFO | trading_system.engine.position_manager | Position manager reset for trading day 2026-03-05
2026-03-07 02:04:22,172 | INFO | trading_system.engine.position_manager | Position manager reset for trading day 2026-03-06
2026-03-07 02:04:22,257 | INFO | trading_system.paper_trading.paper_trader | Paper trading heartbeat | symbol=^NSEI | new_trades=0 | total_profit=-109.80
2026-03-07 02:05:22,701 | INFO | trading_system.engine.position_manager | Position manager reset for trading day 2026-02-27
2026-03-07 02:05:22,787 | INFO | trading_system.engine.position_manager | Position manager reset for trading day 2026-03-04
2026-03-07 02:05:22,828 | INFO | trading_system.engine.position_manager | Position manager reset for trading day 2026-03-05
2026-03-07 02:05:22,864 | INFO | trading_system.engine.position_manager | Position manager reset for trading day 2026-03-06
2026-03-07 02:05:22,955 | INFO | trading_system.paper_trading.paper_trader | Paper trading heartbeat | symbol=^NSEI | new_trades=0 | total_profit=-109.80
2026-03-07 02:06:23,288 | INFO | trading_system.engine.position_manager | Position manager reset for trading day 2026-02-27
2026-03-07 02:06:23,361 | INFO | trading_system.engine.position_manager | Position manager reset for trading day 2026-03-04
2026-03-07 02:06:23,404 | INFO | trading_system.engine.position_manager | Position manager reset for trading day 2026-03-05
2026-03-07 02:06:23,441 | INFO | trading_system.engine.position_manager | Position manager reset for trading day 2026-03-06
2026-03-07 02:06:23,521 | INFO | trading_system.paper_trading.paper_trader | Paper trading heartbeat | symbol=^NSEI | new_trades=0 | total_profit=-109.80
2026-03-07 02:07:23,810 | INFO | trading_system.engine.position_manager | Position manager reset for trading day 2026-02-27
2026-03-07 02:07:23,893 | INFO | trading_system.engine.position_manager | Position manager reset for trading day 2026-03-04
2026-03-07 02:07:23,937 | INFO | trading_system.engine.position_manager | Position manager reset for trading day 2026-03-05
2026-03-07 02:07:23,982 | INFO | trading_system.engine.position_manager | Position manager reset for trading day 2026-03-06
2026-03-07 02:07:24,075 | INFO | trading_system.paper_trading.paper_trader | Paper trading heartbeat | symbol=^NSEI | new_trades=0 | total_profit=-109.80
2026-03-07 02:08:24,363 | INFO | trading_system.engine.position_manager | Position manager reset for trading day 2026-02-27
2026-03-07 02:08:24,443 | INFO | trading_system.engine.position_manager | Position manager reset for trading day 2026-03-04
2026-03-07 02:08:24,487 | INFO | trading_system.engine.position_manager | Position manager reset for trading day 2026-03-05
2026-03-07 02:08:24,522 | INFO | trading_system.engine.position_manager | Position manager reset for trading day 2026-03-06
2026-03-07 02:08:24,601 | INFO | trading_system.paper_trading.paper_trader | Paper trading heartbeat | symbol=^NSEI | new_trades=0 | total_profit=-109.80
2026-03-07 02:09:25,033 | INFO | trading_system.engine.position_manager | Position manager reset for trading day 2026-02-27
2026-03-07 02:09:25,118 | INFO | trading_system.engine.position_manager | Position manager reset for trading day 2026-03-04
2026-03-07 02:09:25,157 | INFO | trading_system.engine.position_manager | Position manager reset for trading day 2026-03-05
2026-03-07 02:09:25,199 | INFO | trading_system.engine.position_manager | Position manager reset for trading day 2026-03-06
2026-03-07 02:09:25,283 | INFO | trading_system.paper_trading.paper_trader | Paper trading heartbeat | symbol=^NSEI | new_trades=0 | total_profit=-109.80
2026-03-07 02:10:25,613 | INFO | trading_system.engine.position_manager | Position manager reset for trading day 2026-02-27
2026-03-07 02:10:25,705 | INFO | trading_system.engine.position_manager | Position manager reset for trading day 2026-03-04
2026-03-07 02:10:25,758 | INFO | trading_system.engine.position_manager | Position manager reset for trading day 2026-03-05
2026-03-07 02:10:25,802 | INFO | trading_system.engine.position_manager | Position manager reset for trading day 2026-03-06
2026-03-07 02:10:25,875 | INFO | trading_system.paper_trading.paper_trader | Paper trading heartbeat | symbol=^NSEI | new_trades=0 | total_profit=-109.80
2026-03-07 02:11:26,285 | INFO | trading_system.engine.position_manager | Position manager reset for trading day 2026-02-27
2026-03-07 02:11:26,367 | INFO | trading_system.engine.position_manager | Position manager reset for trading day 2026-03-04
2026-03-07 02:11:26,410 | INFO | trading_system.engine.position_manager | Position manager reset for trading day 2026-03-05
2026-03-07 02:11:26,452 | INFO | trading_system.engine.position_manager | Position manager reset for trading day 2026-03-06
2026-03-07 02:11:26,540 | INFO | trading_system.paper_trading.paper_trader | Paper trading heartbeat | symbol=^NSEI | new_trades=0 | total_profit=-109.80
2026-03-07 02:12:26,970 | INFO | trading_system.engine.position_manager | Position manager reset for trading day 2026-02-27
2026-03-07 02:12:27,065 | INFO | trading_system.engine.position_manager | Position manager reset for trading day 2026-03-04
2026-03-07 02:12:27,102 | INFO | trading_system.engine.position_manager | Position manager reset for trading day 2026-03-05
2026-03-07 02:12:27,145 | INFO | trading_system.engine.position_manager | Position manager reset for trading day 2026-03-06
2026-03-07 02:12:27,231 | INFO | trading_system.paper_trading.paper_trader | Paper trading heartbeat | symbol=^NSEI | new_trades=0 | total_profit=-109.80
2026-03-07 02:13:27,543 | INFO | trading_system.engine.position_manager | Position manager reset for trading day 2026-02-27
2026-03-07 02:13:27,637 | INFO | trading_system.engine.position_manager | Position manager reset for trading day 2026-03-04
2026-03-07 02:13:27,678 | INFO | trading_system.engine.position_manager | Position manager reset for trading day 2026-03-05
2026-03-07 02:13:27,711 | INFO | trading_system.engine.position_manager | Position manager reset for trading day 2026-03-06
2026-03-07 02:13:27,785 | INFO | trading_system.paper_trading.paper_trader | Paper trading heartbeat | symbol=^NSEI | new_trades=0 | total_profit=-109.80
2026-03-07 02:14:28,175 | INFO | trading_system.engine.position_manager | Position manager reset for trading day 2026-02-27
2026-03-07 02:14:28,258 | INFO | trading_system.engine.position_manager | Position manager reset for trading day 2026-03-04
2026-03-07 02:14:28,303 | INFO | trading_system.engine.position_manager | Position manager reset for trading day 2026-03-05
2026-03-07 02:14:28,343 | INFO | trading_system.engine.position_manager | Position manager reset for trading day 2026-03-06
2026-03-07 02:14:28,422 | INFO | trading_system.paper_trading.paper_trader | Paper trading heartbeat | symbol=^NSEI | new_trades=0 | total_profit=-109.80
2026-03-07 02:15:28,688 | INFO | trading_system.engine.position_manager | Position manager reset for trading day 2026-02-27
2026-03-07 02:15:28,775 | INFO | trading_system.engine.position_manager | Position manager reset for trading day 2026-03-04
2026-03-07 02:15:28,813 | INFO | trading_system.engine.position_manager | Position manager reset for trading day 2026-03-05
2026-03-07 02:15:28,854 | INFO | trading_system.engine.position_manager | Position manager reset for trading day 2026-03-06
2026-03-07 02:15:28,937 | INFO | trading_system.paper_trading.paper_trader | Paper trading heartbeat | symbol=^NSEI | new_trades=0 | total_profit=-109.80
2026-03-07 02:16:29,230 | INFO | trading_system.engine.position_manager | Position manager reset for trading day 2026-02-27
2026-03-07 02:16:29,312 | INFO | trading_system.engine.position_manager | Position manager reset for trading day 2026-03-04
2026-03-07 02:16:29,354 | INFO | trading_system.engine.position_manager | Position manager reset for trading day 2026-03-05
2026-03-07 02:16:29,392 | INFO | trading_system.engine.position_manager | Position manager reset for trading day 2026-03-06
2026-03-07 02:16:29,479 | INFO | trading_system.paper_trading.paper_trader | Paper trading heartbeat | symbol=^NSEI | new_trades=0 | total_profit=-109.80
2026-03-07 02:17:29,995 | INFO | trading_system.engine.position_manager | Position manager reset for trading day 2026-02-27
2026-03-07 02:17:30,092 | INFO | trading_system.engine.position_manager | Position manager reset for trading day 2026-03-04
2026-03-07 02:17:30,139 | INFO | trading_system.engine.position_manager | Position manager reset for trading day 2026-03-05
2026-03-07 02:17:30,188 | INFO | trading_system.engine.position_manager | Position manager reset for trading day 2026-03-06
2026-03-07 02:17:30,268 | INFO | trading_system.paper_trading.paper_trader | Paper trading heartbeat | symbol=^NSEI | new_trades=0 | total_profit=-109.80
2026-03-07 02:18:30,609 | INFO | trading_system.engine.position_manager | Position manager reset for trading day 2026-02-27
2026-03-07 02:18:30,703 | INFO | trading_system.engine.position_manager | Position manager reset for trading day 2026-03-04
2026-03-07 02:18:30,746 | INFO | trading_system.engine.position_manager | Position manager reset for trading day 2026-03-05
2026-03-07 02:18:30,786 | INFO | trading_system.engine.position_manager | Position manager reset for trading day 2026-03-06
2026-03-07 02:18:30,876 | INFO | trading_system.paper_trading.paper_trader | Paper trading heartbeat | symbol=^NSEI | new_trades=0 | total_profit=-109.80
2026-03-07 02:19:31,150 | INFO | trading_system.engine.position_manager | Position manager reset for trading day 2026-02-27
2026-03-07 02:19:31,242 | INFO | trading_system.engine.position_manager | Position manager reset for trading day 2026-03-04
2026-03-07 02:19:31,284 | INFO | trading_system.engine.position_manager | Position manager reset for trading day 2026-03-05
2026-03-07 02:19:31,327 | INFO | trading_system.engine.position_manager | Position manager reset for trading day 2026-03-06
2026-03-07 02:19:31,403 | INFO | trading_system.paper_trading.paper_trader | Paper trading heartbeat | symbol=^NSEI | new_trades=0 | total_profit=-109.80
2026-03-07 02:20:31,704 | INFO | trading_system.engine.position_manager | Position manager reset for trading day 2026-02-27
2026-03-07 02:20:31,794 | INFO | trading_system.engine.position_manager | Position manager reset for trading day 2026-03-04
2026-03-07 02:20:31,836 | INFO | trading_system.engine.position_manager | Position manager reset for trading day 2026-03-05
2026-03-07 02:20:31,874 | INFO | trading_system.engine.position_manager | Position manager reset for trading day 2026-03-06
2026-03-07 02:20:31,973 | INFO | trading_system.paper_trading.paper_trader | Paper trading heartbeat | symbol=^NSEI | new_trades=0 | total_profit=-109.80
2026-03-07 02:21:32,262 | INFO | trading_system.engine.position_manager | Position manager reset for trading day 2026-02-27
2026-03-07 02:21:32,346 | INFO | trading_system.engine.position_manager | Position manager reset for trading day 2026-03-04
2026-03-07 02:21:32,388 | INFO | trading_system.engine.position_manager | Position manager reset for trading day 2026-03-05
2026-03-07 02:21:32,431 | INFO | trading_system.engine.position_manager | Position manager reset for trading day 2026-03-06
2026-03-07 02:21:32,514 | INFO | trading_system.paper_trading.paper_trader | Paper trading heartbeat | symbol=^NSEI | new_trades=0 | total_profit=-109.80
2026-03-07 02:22:32,831 | INFO | trading_system.engine.position_manager | Position manager reset for trading day 2026-02-27
2026-03-07 02:22:32,887 | INFO | trading_system.engine.position_manager | Position manager reset for trading day 2026-03-04
2026-03-07 02:22:32,936 | INFO | trading_system.engine.position_manager | Position manager reset for trading day 2026-03-05
2026-03-07 02:22:32,984 | INFO | trading_system.engine.position_manager | Position manager reset for trading day 2026-03-06
2026-03-07 02:22:33,079 | INFO | trading_system.paper_trading.paper_trader | Paper trading heartbeat | symbol=^NSEI | new_trades=0 | total_profit=-109.80
2026-03-07 02:23:33,662 | INFO | trading_system.engine.position_manager | Position manager reset for trading day 2026-02-27
2026-03-07 02:23:33,751 | INFO | trading_system.engine.position_manager | Position manager reset for trading day 2026-03-04
2026-03-07 02:23:33,792 | INFO | trading_system.engine.position_manager | Position manager reset for trading day 2026-03-05
2026-03-07 02:23:33,835 | INFO | trading_system.engine.position_manager | Position manager reset for trading day 2026-03-06
2026-03-07 02:23:33,925 | INFO | trading_system.paper_trading.paper_trader | Paper trading heartbeat | symbol=^NSEI | new_trades=0 | total_profit=-109.80
2026-03-07 02:24:34,306 | INFO | trading_system.engine.position_manager | Position manager reset for trading day 2026-02-27
2026-03-07 02:24:34,407 | INFO | trading_system.engine.position_manager | Position manager reset for trading day 2026-03-04
2026-03-07 02:24:34,460 | INFO | trading_system.engine.position_manager | Position manager reset for trading day 2026-03-05
2026-03-07 02:24:34,505 | INFO | trading_system.engine.position_manager | Position manager reset for trading day 2026-03-06
2026-03-07 02:24:34,597 | INFO | trading_system.paper_trading.paper_trader | Paper trading heartbeat | symbol=^NSEI | new_trades=0 | total_profit=-109.80
2026-03-07 02:25:35,096 | INFO | trading_system.engine.position_manager | Position manager reset for trading day 2026-02-27
2026-03-07 02:25:35,170 | INFO | trading_system.engine.position_manager | Position manager reset for trading day 2026-03-04
2026-03-07 02:25:35,214 | INFO | trading_system.engine.position_manager | Position manager reset for trading day 2026-03-05
2026-03-07 02:25:35,260 | INFO | trading_system.engine.position_manager | Position manager reset for trading day 2026-03-06
2026-03-07 02:25:35,342 | INFO | trading_system.paper_trading.paper_trader | Paper trading heartbeat | symbol=^NSEI | new_trades=0 | total_profit=-109.80
2026-03-07 02:26:35,780 | INFO | trading_system.engine.position_manager | Position manager reset for trading day 2026-02-27
2026-03-07 02:26:35,868 | INFO | trading_system.engine.position_manager | Position manager reset for trading day 2026-03-04
2026-03-07 02:26:35,914 | INFO | trading_system.engine.position_manager | Position manager reset for trading day 2026-03-05
2026-03-07 02:26:35,957 | INFO | trading_system.engine.position_manager | Position manager reset for trading day 2026-03-06
2026-03-07 02:26:36,057 | INFO | trading_system.paper_trading.paper_trader | Paper trading heartbeat | symbol=^NSEI | new_trades=0 | total_profit=-109.80
2026-03-07 02:27:36,371 | INFO | trading_system.engine.position_manager | Position manager reset for trading day 2026-02-27
2026-03-07 02:27:36,459 | INFO | trading_system.engine.position_manager | Position manager reset for trading day 2026-03-04
2026-03-07 02:27:36,500 | INFO | trading_system.engine.position_manager | Position manager reset for trading day 2026-03-05
2026-03-07 02:27:36,544 | INFO | trading_system.engine.position_manager | Position manager reset for trading day 2026-03-06
2026-03-07 02:27:36,641 | INFO | trading_system.paper_trading.paper_trader | Paper trading heartbeat | symbol=^NSEI | new_trades=0 | total_profit=-109.80
2026-03-07 02:28:36,994 | INFO | trading_system.engine.position_manager | Position manager reset for trading day 2026-02-27
2026-03-07 02:28:37,088 | INFO | trading_system.engine.position_manager | Position manager reset for trading day 2026-03-04
2026-03-07 02:28:37,124 | INFO | trading_system.engine.position_manager | Position manager reset for trading day 2026-03-05
2026-03-07 02:28:37,163 | INFO | trading_system.engine.position_manager | Position manager reset for trading day 2026-03-06
2026-03-07 02:28:37,264 | INFO | trading_system.paper_trading.paper_trader | Paper trading heartbeat | symbol=^NSEI | new_trades=0 | total_profit=-109.80
2026-03-07 02:29:37,708 | INFO | trading_system.engine.position_manager | Position manager reset for trading day 2026-02-27
2026-03-07 02:29:37,804 | INFO | trading_system.engine.position_manager | Position manager reset for trading day 2026-03-04
2026-03-07 02:29:37,850 | INFO | trading_system.engine.position_manager | Position manager reset for trading day 2026-03-05
2026-03-07 02:29:37,889 | INFO | trading_system.engine.position_manager | Position manager reset for trading day 2026-03-06
2026-03-07 02:29:37,993 | INFO | trading_system.paper_trading.paper_trader | Paper trading heartbeat | symbol=^NSEI | new_trades=0 | total_profit=-109.80
2026-03-07 02:30:38,347 | INFO | trading_system.engine.position_manager | Position manager reset for trading day 2026-02-27
2026-03-07 02:30:38,434 | INFO | trading_system.engine.position_manager | Position manager reset for trading day 2026-03-04
2026-03-07 02:30:38,482 | INFO | trading_system.engine.position_manager | Position manager reset for trading day 2026-03-05
2026-03-07 02:30:38,524 | INFO | trading_system.engine.position_manager | Position manager reset for trading day 2026-03-06
2026-03-07 02:30:38,604 | INFO | trading_system.paper_trading.paper_trader | Paper trading heartbeat | symbol=^NSEI | new_trades=0 | total_profit=-109.80
2026-03-07 02:31:38,991 | INFO | trading_system.engine.position_manager | Position manager reset for trading day 2026-02-27
2026-03-07 02:31:39,083 | INFO | trading_system.engine.position_manager | Position manager reset for trading day 2026-03-04
2026-03-07 02:31:39,126 | INFO | trading_system.engine.position_manager | Position manager reset for trading day 2026-03-05
2026-03-07 02:31:39,170 | INFO | trading_system.engine.position_manager | Position manager reset for trading day 2026-03-06
2026-03-07 02:31:39,254 | INFO | trading_system.paper_trading.paper_trader | Paper trading heartbeat | symbol=^NSEI | new_trades=0 | total_profit=-109.80
2026-03-07 02:32:39,567 | INFO | trading_system.engine.position_manager | Position manager reset for trading day 2026-02-27
2026-03-07 02:32:39,659 | INFO | trading_system.engine.position_manager | Position manager reset for trading day 2026-03-04
2026-03-07 02:32:39,700 | INFO | trading_system.engine.position_manager | Position manager reset for trading day 2026-03-05
2026-03-07 02:32:39,746 | INFO | trading_system.engine.position_manager | Position manager reset for trading day 2026-03-06
2026-03-07 02:32:39,840 | INFO | trading_system.paper_trading.paper_trader | Paper trading heartbeat | symbol=^NSEI | new_trades=0 | total_profit=-109.80
2026-03-07 02:33:40,178 | INFO | trading_system.engine.position_manager | Position manager reset for trading day 2026-02-27
2026-03-07 02:33:40,284 | INFO | trading_system.engine.position_manager | Position manager reset for trading day 2026-03-04
2026-03-07 02:33:40,344 | INFO | trading_system.engine.position_manager | Position manager reset for trading day 2026-03-05
2026-03-07 02:33:40,394 | INFO | trading_system.engine.position_manager | Position manager reset for trading day 2026-03-06
2026-03-07 02:33:40,495 | INFO | trading_system.paper_trading.paper_trader | Paper trading heartbeat | symbol=^NSEI | new_trades=0 | total_profit=-109.80
2026-03-07 02:34:40,806 | INFO | trading_system.engine.position_manager | Position manager reset for trading day 2026-02-27
2026-03-07 02:34:40,871 | INFO | trading_system.engine.position_manager | Position manager reset for trading day 2026-03-04
2026-03-07 02:34:40,914 | INFO | trading_system.engine.position_manager | Position manager reset for trading day 2026-03-05
2026-03-07 02:34:40,955 | INFO | trading_system.engine.position_manager | Position manager reset for trading day 2026-03-06
2026-03-07 02:34:41,038 | INFO | trading_system.paper_trading.paper_trader | Paper trading heartbeat | symbol=^NSEI | new_trades=0 | total_profit=-109.80
2026-03-07 02:35:41,416 | INFO | trading_system.engine.position_manager | Position manager reset for trading day 2026-02-27
2026-03-07 02:35:41,492 | INFO | trading_system.engine.position_manager | Position manager reset for trading day 2026-03-04
2026-03-07 02:35:41,531 | INFO | trading_system.engine.position_manager | Position manager reset for trading day 2026-03-05
2026-03-07 02:35:41,560 | INFO | trading_system.engine.position_manager | Position manager reset for trading day 2026-03-06
2026-03-07 02:35:41,624 | INFO | trading_system.paper_trading.paper_trader | Paper trading heartbeat | symbol=^NSEI | new_trades=0 | total_profit=-109.80
2026-03-07 02:36:41,938 | INFO | trading_system.engine.position_manager | Position manager reset for trading day 2026-02-27
2026-03-07 02:36:42,011 | INFO | trading_system.engine.position_manager | Position manager reset for trading day 2026-03-04
2026-03-07 02:36:42,056 | INFO | trading_system.engine.position_manager | Position manager reset for trading day 2026-03-05
2026-03-07 02:36:42,103 | INFO | trading_system.engine.position_manager | Position manager reset for trading day 2026-03-06
2026-03-07 02:36:42,195 | INFO | trading_system.paper_trading.paper_trader | Paper trading heartbeat | symbol=^NSEI | new_trades=0 | total_profit=-109.80
2026-03-07 02:37:42,669 | INFO | trading_system.engine.position_manager | Position manager reset for trading day 2026-02-27
2026-03-07 02:37:42,759 | INFO | trading_system.engine.position_manager | Position manager reset for trading day 2026-03-04
2026-03-07 02:37:42,806 | INFO | trading_system.engine.position_manager | Position manager reset for trading day 2026-03-05
2026-03-07 02:37:42,840 | INFO | trading_system.engine.position_manager | Position manager reset for trading day 2026-03-06
2026-03-07 02:37:42,921 | INFO | trading_system.paper_trading.paper_trader | Paper trading heartbeat | symbol=^NSEI | new_trades=0 | total_profit=-109.80
2026-03-07 02:38:43,383 | INFO | trading_system.engine.position_manager | Position manager reset for trading day 2026-02-27
2026-03-07 02:38:43,461 | INFO | trading_system.engine.position_manager | Position manager reset for trading day 2026-03-04
2026-03-07 02:38:43,499 | INFO | trading_system.engine.position_manager | Position manager reset for trading day 2026-03-05
2026-03-07 02:38:43,537 | INFO | trading_system.engine.position_manager | Position manager reset for trading day 2026-03-06
2026-03-07 02:38:43,618 | INFO | trading_system.paper_trading.paper_trader | Paper trading heartbeat | symbol=^NSEI | new_trades=0 | total_profit=-109.80
2026-03-07 02:39:44,038 | INFO | trading_system.engine.position_manager | Position manager reset for trading day 2026-02-27
2026-03-07 02:39:44,118 | INFO | trading_system.engine.position_manager | Position manager reset for trading day 2026-03-04
2026-03-07 02:39:44,156 | INFO | trading_system.engine.position_manager | Position manager reset for trading day 2026-03-05
2026-03-07 02:39:44,191 | INFO | trading_system.engine.position_manager | Position manager reset for trading day 2026-03-06
2026-03-07 02:39:44,279 | INFO | trading_system.paper_trading.paper_trader | Paper trading heartbeat | symbol=^NSEI | new_trades=0 | total_profit=-109.80
2026-03-07 02:40:44,658 | INFO | trading_system.engine.position_manager | Position manager reset for trading day 2026-02-27
2026-03-07 02:40:44,733 | INFO | trading_system.engine.position_manager | Position manager reset for trading day 2026-03-04
2026-03-07 02:40:44,776 | INFO | trading_system.engine.position_manager | Position manager reset for trading day 2026-03-05
2026-03-07 02:40:44,820 | INFO | trading_system.engine.position_manager | Position manager reset for trading day 2026-03-06
2026-03-07 02:40:44,899 | INFO | trading_system.paper_trading.paper_trader | Paper trading heartbeat | symbol=^NSEI | new_trades=0 | total_profit=-109.80
2026-03-07 02:41:45,246 | INFO | trading_system.engine.position_manager | Position manager reset for trading day 2026-02-27
2026-03-07 02:41:45,299 | INFO | trading_system.engine.position_manager | Position manager reset for trading day 2026-03-04
2026-03-07 02:41:45,343 | INFO | trading_system.engine.position_manager | Position manager reset for trading day 2026-03-05
2026-03-07 02:41:45,381 | INFO | trading_system.engine.position_manager | Position manager reset for trading day 2026-03-06
2026-03-07 02:41:45,453 | INFO | trading_system.paper_trading.paper_trader | Paper trading heartbeat | symbol=^NSEI | new_trades=0 | total_profit=-109.80
2026-03-07 02:42:45,771 | INFO | trading_system.engine.position_manager | Position manager reset for trading day 2026-02-27
2026-03-07 02:42:45,858 | INFO | trading_system.engine.position_manager | Position manager reset for trading day 2026-03-04
2026-03-07 02:42:45,901 | INFO | trading_system.engine.position_manager | Position manager reset for trading day 2026-03-05
2026-03-07 02:42:45,937 | INFO | trading_system.engine.position_manager | Position manager reset for trading day 2026-03-06
2026-03-07 02:42:46,018 | INFO | trading_system.paper_trading.paper_trader | Paper trading heartbeat | symbol=^NSEI | new_trades=0 | total_profit=-109.80
2026-03-07 02:43:46,328 | INFO | trading_system.engine.position_manager | Position manager reset for trading day 2026-02-27
2026-03-07 02:43:46,403 | INFO | trading_system.engine.position_manager | Position manager reset for trading day 2026-03-04
2026-03-07 02:43:46,447 | INFO | trading_system.engine.position_manager | Position manager reset for trading day 2026-03-05
2026-03-07 02:43:46,493 | INFO | trading_system.engine.position_manager | Position manager reset for trading day 2026-03-06
2026-03-07 02:43:46,562 | INFO | trading_system.paper_trading.paper_trader | Paper trading heartbeat | symbol=^NSEI | new_trades=0 | total_profit=-109.80
2026-03-07 02:44:46,855 | INFO | trading_system.engine.position_manager | Position manager reset for trading day 2026-02-27
2026-03-07 02:44:46,948 | INFO | trading_system.engine.position_manager | Position manager reset for trading day 2026-03-04
2026-03-07 02:44:46,990 | INFO | trading_system.engine.position_manager | Position manager reset for trading day 2026-03-05
2026-03-07 02:44:47,036 | INFO | trading_system.engine.position_manager | Position manager reset for trading day 2026-03-06
2026-03-07 02:44:47,120 | INFO | trading_system.paper_trading.paper_trader | Paper trading heartbeat | symbol=^NSEI | new_trades=0 | total_profit=-109.80
2026-03-07 02:45:47,541 | INFO | trading_system.engine.position_manager | Position manager reset for trading day 2026-02-27
2026-03-07 02:45:47,611 | INFO | trading_system.engine.position_manager | Position manager reset for trading day 2026-03-04
2026-03-07 02:45:47,654 | INFO | trading_system.engine.position_manager | Position manager reset for trading day 2026-03-05
2026-03-07 02:45:47,682 | INFO | trading_system.engine.position_manager | Position manager reset for trading day 2026-03-06
2026-03-07 02:45:47,763 | INFO | trading_system.paper_trading.paper_trader | Paper trading heartbeat | symbol=^NSEI | new_trades=0 | total_profit=-109.80
2026-03-07 02:46:48,140 | INFO | trading_system.engine.position_manager | Position manager reset for trading day 2026-02-27
2026-03-07 02:46:48,247 | INFO | trading_system.engine.position_manager | Position manager reset for trading day 2026-03-04
2026-03-07 02:46:48,287 | INFO | trading_system.engine.position_manager | Position manager reset for trading day 2026-03-05
2026-03-07 02:46:48,323 | INFO | trading_system.engine.position_manager | Position manager reset for trading day 2026-03-06
2026-03-07 02:46:48,393 | INFO | trading_system.paper_trading.paper_trader | Paper trading heartbeat | symbol=^NSEI | new_trades=0 | total_profit=-109.80
2026-03-07 02:47:48,845 | INFO | trading_system.engine.position_manager | Position manager reset for trading day 2026-02-27
2026-03-07 02:47:48,924 | INFO | trading_system.engine.position_manager | Position manager reset for trading day 2026-03-04
2026-03-07 02:47:48,968 | INFO | trading_system.engine.position_manager | Position manager reset for trading day 2026-03-05
2026-03-07 02:47:49,003 | INFO | trading_system.engine.position_manager | Position manager reset for trading day 2026-03-06
2026-03-07 02:47:49,080 | INFO | trading_system.paper_trading.paper_trader | Paper trading heartbeat | symbol=^NSEI | new_trades=0 | total_profit=-109.80
2026-03-07 02:48:49,576 | INFO | trading_system.engine.position_manager | Position manager reset for trading day 2026-02-27
2026-03-07 02:48:49,665 | INFO | trading_system.engine.position_manager | Position manager reset for trading day 2026-03-04
2026-03-07 02:48:49,697 | INFO | trading_system.engine.position_manager | Position manager reset for trading day 2026-03-05
2026-03-07 02:48:49,734 | INFO | trading_system.engine.position_manager | Position manager reset for trading day 2026-03-06
2026-03-07 02:48:49,814 | INFO | trading_system.paper_trading.paper_trader | Paper trading heartbeat | symbol=^NSEI | new_trades=0 | total_profit=-109.80
2026-03-07 02:49:50,417 | INFO | trading_system.engine.position_manager | Position manager reset for trading day 2026-02-27
2026-03-07 02:49:50,501 | INFO | trading_system.engine.position_manager | Position manager reset for trading day 2026-03-04
2026-03-07 02:49:50,542 | INFO | trading_system.engine.position_manager | Position manager reset for trading day 2026-03-05
2026-03-07 02:49:50,565 | INFO | trading_system.engine.position_manager | Position manager reset for trading day 2026-03-06
2026-03-07 02:49:50,668 | INFO | trading_system.paper_trading.paper_trader | Paper trading heartbeat | symbol=^NSEI | new_trades=0 | total_profit=-109.80
2026-03-07 02:50:50,949 | INFO | trading_system.engine.position_manager | Position manager reset for trading day 2026-02-27
2026-03-07 02:50:51,053 | INFO | trading_system.engine.position_manager | Position manager reset for trading day 2026-03-04
2026-03-07 02:50:51,100 | INFO | trading_system.engine.position_manager | Position manager reset for trading day 2026-03-05
2026-03-07 02:50:51,139 | INFO | trading_system.engine.position_manager | Position manager reset for trading day 2026-03-06
2026-03-07 02:50:51,225 | INFO | trading_system.paper_trading.paper_trader | Paper trading heartbeat | symbol=^NSEI | new_trades=0 | total_profit=-109.80
2026-03-07 02:51:51,779 | INFO | trading_system.engine.position_manager | Position manager reset for trading day 2026-02-27
2026-03-07 02:51:51,873 | INFO | trading_system.engine.position_manager | Position manager reset for trading day 2026-03-04
2026-03-07 02:51:51,914 | INFO | trading_system.engine.position_manager | Position manager reset for trading day 2026-03-05
2026-03-07 02:51:51,958 | INFO | trading_system.engine.position_manager | Position manager reset for trading day 2026-03-06
2026-03-07 02:51:52,048 | INFO | trading_system.paper_trading.paper_trader | Paper trading heartbeat | symbol=^NSEI | new_trades=0 | total_profit=-109.80
2026-03-07 02:52:52,640 | INFO | trading_system.engine.position_manager | Position manager reset for trading day 2026-02-27
2026-03-07 02:52:52,725 | INFO | trading_system.engine.position_manager | Position manager reset for trading day 2026-03-04
2026-03-07 02:52:52,761 | INFO | trading_system.engine.position_manager | Position manager reset for trading day 2026-03-05
2026-03-07 02:52:52,802 | INFO | trading_system.engine.position_manager | Position manager reset for trading day 2026-03-06
2026-03-07 02:52:52,877 | INFO | trading_system.paper_trading.paper_trader | Paper trading heartbeat | symbol=^NSEI | new_trades=0 | total_profit=-109.80
2026-03-07 02:53:53,148 | INFO | trading_system.engine.position_manager | Position manager reset for trading day 2026-02-27
2026-03-07 02:53:53,252 | INFO | trading_system.engine.position_manager | Position manager reset for trading day 2026-03-04
2026-03-07 02:53:53,285 | INFO | trading_system.engine.position_manager | Position manager reset for trading day 2026-03-05
2026-03-07 02:53:53,309 | INFO | trading_system.engine.position_manager | Position manager reset for trading day 2026-03-06
2026-03-07 02:53:53,401 | INFO | trading_system.paper_trading.paper_trader | Paper trading heartbeat | symbol=^NSEI | new_trades=0 | total_profit=-109.80
2026-03-07 11:51:48,702 | INFO | trading_system.engine.position_manager | Position manager reset for trading day 2026-02-27
2026-03-07 11:51:48,722 | INFO | trading_system.engine.position_manager | Position manager reset for trading day 2026-03-04
2026-03-07 11:51:48,730 | INFO | trading_system.engine.position_manager | Position manager reset for trading day 2026-03-05
2026-03-07 11:51:48,739 | INFO | trading_system.engine.position_manager | Position manager reset for trading day 2026-03-06
2026-03-07 11:51:48,756 | INFO | trading_system.backtesting.backtester | Backtest finished for ^NSEI with 27 trades and total profit -109.80
2026-03-07 11:58:20,495 | INFO | trading_system.engine.position_manager | Position manager reset for trading day 2026-02-27
2026-03-07 11:58:20,513 | INFO | trading_system.engine.position_manager | Position manager reset for trading day 2026-03-04
2026-03-07 11:58:20,522 | INFO | trading_system.engine.position_manager | Position manager reset for trading day 2026-03-05
2026-03-07 11:58:20,530 | INFO | trading_system.engine.position_manager | Position manager reset for trading day 2026-03-06
2026-03-07 11:58:20,547 | INFO | trading_system.backtesting.backtester | Backtest finished for ^NSEI with 26 trades and total profit -103.70
